,origin,dest,line
0,614c,125,complex
1,614c,A24,complex
2,611c,127,complex
3,611c,725,complex
4,611c,127,complex
5,611c,R16,complex
6,611c,127,complex
7,611c,A27,complex
8,601c,132,complex
9,601c,L02,complex
10,601c,132,complex
11,601c,D19,complex
12,635c,140,complex
13,635c,R27,complex
14,620c,232,complex
15,620c,R28,complex
16,620c,232,complex
17,620c,423,complex
18,617c,235,complex
19,617c,R31,complex
20,617c,235,complex
21,617c,D24,complex
22,626c,239,complex
23,626c,S04,complex
24,604c,414,complex
25,604c,D11,complex
26,603c,415,complex
27,603c,222,complex
28,628c,418,complex
29,628c,229,complex
30,620c,423,complex
31,620c,R28,complex
32,613c,629,complex
33,613c,R11,complex
34,610c,631,complex
35,610c,723,complex
36,602c,635,complex
37,602c,R20,complex
38,619c,637,complex
39,619c,D21,complex
40,623c,639,complex
41,623c,R23,complex
42,622c,640,complex
43,622c,M21,complex
44,616c,710,complex
45,616c,G14,complex
46,606c,719,complex
47,606c,F09,complex
48,610c,901,complex
49,610c,723,complex
50,610c,901,complex
51,610c,631,complex
52,611c,902,complex
53,611c,R16,complex
54,611c,902,complex
55,611c,725,complex
56,611c,902,complex
57,611c,A27,complex
58,611c,902,complex
59,611c,127,complex
60,605c,A09,complex
61,605c,112,complex
62,611c,A27,complex
63,611c,R16,complex
64,611c,A27,complex
65,611c,725,complex
66,167c,A32,complex
67,167c,D20,complex
68,624c,A36,complex
69,624c,228,complex
70,624c,A36,complex
71,624c,E01,complex
72,628c,A38,complex
73,628c,418,complex
74,628c,A38,complex
75,628c,229,complex
76,636c,A41,complex
77,636c,R29,complex
78,627c,A45,complex
79,627c,S01,complex
80,621c,A51,complex
81,621c,L22,complex
82,151c,D13,complex
83,151c,A12,complex
84,609c,D16,complex
85,609c,724,complex
86,607c,D17,complex
87,607c,R17,complex
88,624c,E01,complex
89,624c,228,complex
90,612c,F11,complex
91,612c,630,complex
92,625c,F15,complex
93,625c,M18,complex
94,608c,F23,complex
95,608c,R33,complex
96,606c,G22,complex
97,606c,F09,complex
98,606c,G22,complex
99,606c,719,complex
100,629c,G29,complex
101,629c,L10,complex
102,621c,J27,complex
103,621c,A51,complex
104,621c,J27,complex
105,621c,L22,complex
106,618c,L01,complex
107,618c,A31,complex
108,601c,L02,complex
109,601c,D19,complex
110,602c,L03,complex
111,602c,635,complex
112,602c,L03,complex
113,602c,R20,complex
114,630c,L17,complex
115,630c,M08,complex
116,623c,M20,complex
117,623c,639,complex
118,623c,M20,complex
119,623c,R23,complex
120,628c,M22,complex
121,628c,A38,complex
122,628c,M22,complex
123,628c,229,complex
124,628c,M22,complex
125,628c,418,complex
126,615c,N04,complex
127,615c,B16,complex
128,623c,Q01,complex
129,623c,R23,complex
130,623c,Q01,complex
131,623c,639,complex
132,623c,Q01,complex
133,623c,M20,complex
134,611c,R16,complex
135,611c,725,complex
136,617c,R31,complex
137,617c,D24,complex
138,461c,718,complex
139,461c,R09,complex
140,629,B08,station
141,B08,R11,station
142,D26,S04,station
143,L26,254,station
144,101,101-1-S,1
145,103,103-1-S,1
146,104,104-1-S,1
147,106,106-1-S,1
148,107,107-1-S,1
149,108,108-1-S,1
150,109,109-1-S,1
151,110,110-1-S,1
152,111,111-1-S,1
153,112,112-1-S,1
154,113,113-1-S,1
155,114,114-1-S,1
156,115,115-1-S,1
157,116,116-1-S,1
158,117,117-1-S,1
159,118,118-1-S,1
160,119,119-1-S,1
161,120,120-1-S,1
162,120,120-2-S,2
163,120,120-3-S,3
164,121,121-1-S,1
165,122,122-1-S,1
166,123,123-1-S,1
167,123,123-2-S,2
168,123,123-3-S,3
169,124,124-1-S,1
170,125,125-1-S,1
171,126,126-1-S,1
172,127,127-1-S,1
173,127,127-2-S,2
174,127,127-3-S,3
175,128,128-1-S,1
176,128,128-2-S,2
177,128,128-3-S,3
178,129,129-1-S,1
179,130,130-1-S,1
180,131,131-1-S,1
181,132,132-1-S,1
182,132,132-2-S,2
183,132,132-3-S,3
184,133,133-1-S,1
185,134,134-1-S,1
186,135,135-1-S,1
187,136,136-1-S,1
188,137,137-1-S,1
189,137,137-2-S,2
190,137,137-3-S,3
191,138,138-1-S,1
192,139,139-1-S,1
193,140,140-1-S,1
194,201,201-2-S,2
195,204,204-2-S,2
196,204,204-5-S,5
197,205,205-2-S,2
198,205,205-5-S,5
199,206,206-2-S,2
200,206,206-5-S,5
201,207,207-2-S,2
202,207,207-5-S,5
203,208,208-2-S,2
204,208,208-5-S,5
205,209,209-2-S,2
206,209,209-5-S,5
207,210,210-2-S,2
208,210,210-5-S,5
209,211,211-2-S,2
210,211,211-5-S,5
211,212,212-2-S,2
212,212,212-5-S,5
213,213,213-2-S,2
214,213,213-5-S,5
215,214,214-2-S,2
216,214,214-5-S,5
217,215,215-2-S,2
218,215,215-5-S,5
219,216,216-2-S,2
220,216,216-5-S,5
221,217,217-2-S,2
222,217,217-5-S,5
223,218,218-2-S,2
224,218,218-5-S,5
225,219,219-2-S,2
226,219,219-5-S,5
227,220,220-2-S,2
228,220,220-5-S,5
229,221,221-2-S,2
230,221,221-5-S,5
231,222,222-2-S,2
232,222,222-5-S,5
233,224,224-2-S,2
234,224,224-3-S,3
235,225,225-2-S,2
236,225,225-3-S,3
237,226,226-2-S,2
238,226,226-3-S,3
239,227,227-2-S,2
240,227,227-3-S,3
241,228,228-2-S,2
242,228,228-3-S,3
243,229,229-2-S,2
244,229,229-3-S,3
245,230,230-2-S,2
246,230,230-3-S,3
247,231,231-2-S,2
248,231,231-3-S,3
249,232,232-2-S,2
250,232,232-3-S,3
251,233,233-2-S,2
252,233,233-3-S,3
253,234,234-2-S,2
254,234,234-3-S,3
255,234,234-4-S,4
256,234,234-5-S,5
257,235,235-2-S,2
258,235,235-3-S,3
259,236,236-2-S,2
260,236,236-3-S,3
261,237,237-2-S,2
262,237,237-3-S,3
263,238,238-2-S,2
264,238,238-3-S,3
265,239,239-2-S,2
266,239,239-3-S,3
267,239,239-4-S,4
268,239,239-5-S,5
269,241,241-2-S,2
270,241,241-5-S,5
271,242,242-2-S,2
272,242,242-5-S,5
273,243,243-2-S,2
274,243,243-5-S,5
275,244,244-2-S,2
276,244,244-5-S,5
277,245,245-2-S,2
278,245,245-5-S,5
279,246,246-2-S,2
280,246,246-5-S,5
281,247,247-2-S,2
282,247,247-5-S,5
283,248,248-3-S,3
284,249,249-3-S,3
285,250,250-3-S,3
286,250,250-4-S,4
287,251,251-3-S,3
288,252,252-3-S,3
289,253,253-3-S,3
290,254,254-3-S,3
291,255,255-3-S,3
292,256,256-3-S,3
293,257,257-3-S,3
294,301,301-3-S,3
295,302,302-3-S,3
296,401,401-4-S,4
297,402,402-4-S,4
298,405,405-4-S,4
299,406,406-4-S,4
300,407,407-4-S,4
301,408,408-4-S,4
302,409,409-4-S,4
303,410,410-4-S,4
304,411,411-4-S,4
305,412,412-4-S,4
306,413,413-4-S,4
307,414,414-4-S,4
308,415,415-4-S,4
309,416,416-4-S,4
310,416,416-5-S,5
311,418,418-4-S,4
312,418,418-5-S,5
313,419,419-4-S,4
314,419,419-5-S,5
315,420,420-4-S,4
316,420,420-5-S,5
317,423,423-4-S,4
318,423,423-5-S,5
319,501,501-5-S,5
320,502,502-5-S,5
321,503,503-5-S,5
322,504,504-5-S,5
323,505,505-5-S,5
324,601,601-6-S,6
325,602,602-6-S,6
326,603,603-6-S,6
327,604,604-6-S,6
328,606,606-6-S,6
329,607,607-6-S,6
330,608,608-6-S,6
331,609,609-6-S,6
332,610,610-6-S,6
333,611,611-6-S,6
334,612,612-6-S,6
335,613,613-6-S,6
336,614,614-6-S,6
337,615,615-6-S,6
338,616,616-6-S,6
339,617,617-6-S,6
340,618,618-6-S,6
341,619,619-6-S,6
342,621,621-4-S,4
343,621,621-5-S,5
344,621,621-6-S,6
345,622,622-6-S,6
346,623,623-6-S,6
347,624,624-6-S,6
348,625,625-6-S,6
349,626,626-4-S,4
350,626,626-5-S,5
351,626,626-6-S,6
352,627,627-6-S,6
353,628,628-6-S,6
354,629,629-4-S,4
355,629,629-5-S,5
356,629,629-6-S,6
357,630,630-6-S,6
358,631,631-4-S,4
359,631,631-5-S,5
360,631,631-6-S,6
361,632,632-6-S,6
362,633,633-6-S,6
363,634,634-6-S,6
364,635,635-4-S,4
365,635,635-5-S,5
366,635,635-6-S,6
367,636,636-6-S,6
368,637,637-6-S,6
369,638,638-6-S,6
370,639,639-6-S,6
371,640,640-4-S,4
372,640,640-5-S,5
373,640,640-6-S,6
374,701,701-7-S,7
375,702,702-7-S,7
376,705,705-7-S,7
377,706,706-7-S,7
378,707,707-7-S,7
379,708,708-7-S,7
380,709,709-7-S,7
381,710,710-7-S,7
382,711,711-7-S,7
383,712,712-7-S,7
384,713,713-7-S,7
385,714,714-7-S,7
386,715,715-7-S,7
387,716,716-7-S,7
388,718,718-7-S,7
389,719,719-7-S,7
390,720,720-7-S,7
391,721,721-7-S,7
392,723,723-7-S,7
393,724,724-7-S,7
394,725,725-7-S,7
395,726,726-7-S,7
396,901,901-S-S,S
397,902,902-S-S,S
398,A02,A02-A-S,A
399,A03,A03-A-S,A
400,A05,A05-A-S,A
401,A06,A06-A-S,A
402,A07,A07-A-S,A
403,A09,A09-A-S,A
404,A09,A09-C-S,C
405,A10,A10-C-S,C
406,A11,A11-C-S,C
407,A12,A12-A-S,A
408,A12,A12-C-S,C
409,A14,A14-B-S,B
410,A14,A14-C-S,C
411,A15,A15-A-S,A
412,A15,A15-B-S,B
413,A15,A15-C-S,C
414,A15,A15-D-S,D
415,A16,A16-B-S,B
416,A16,A16-C-S,C
417,A17,A17-B-S,B
418,A17,A17-C-S,C
419,A18,A18-B-S,B
420,A18,A18-C-S,C
421,A19,A19-B-S,B
422,A19,A19-C-S,C
423,A20,A20-B-S,B
424,A20,A20-C-S,C
425,A21,A21-B-S,B
426,A21,A21-C-S,C
427,A22,A22-B-S,B
428,A22,A22-C-S,C
429,A24,A24-A-S,A
430,A24,A24-B-S,B
431,A24,A24-C-S,C
432,A24,A24-D-S,D
433,A25,A25-C-S,C
434,A25,A25-E-S,E
435,A27,A27-A-S,A
436,A27,A27-C-S,C
437,A27,A27-E-S,E
438,A28,A28-A-S,A
439,A28,A28-C-S,C
440,A28,A28-E-S,E
441,A30,A30-C-S,C
442,A30,A30-E-S,E
443,A31,A31-A-S,A
444,A31,A31-C-S,C
445,A31,A31-E-S,E
446,A32,A32-A-S,A
447,A32,A32-C-S,C
448,A32,A32-E-S,E
449,A33,A33-C-S,C
450,A33,A33-E-S,E
451,A34,A34-A-S,A
452,A34,A34-C-S,C
453,A34,A34-E-S,E
454,A36,A36-A-S,A
455,A36,A36-C-S,C
456,A38,A38-A-S,A
457,A38,A38-C-S,C
458,A40,A40-A-S,A
459,A40,A40-C-S,C
460,A41,A41-A-S,A
461,A41,A41-C-S,C
462,A41,A41-F-S,F
463,A42,A42-A-S,A
464,A42,A42-C-S,C
465,A42,A42-G-S,G
466,A43,A43-C-S,C
467,A44,A44-C-S,C
468,A45,A45-C-S,C
469,A46,A46-A-S,A
470,A46,A46-C-S,C
471,A47,A47-C-S,C
472,A48,A48-A-S,A
473,A48,A48-C-S,C
474,A49,A49-C-S,C
475,A50,A50-C-S,C
476,A51,A51-A-S,A
477,A51,A51-C-S,C
478,A52,A52-C-S,C
479,A53,A53-C-S,C
480,A54,A54-C-S,C
481,A55,A55-A-S,A
482,A55,A55-C-S,C
483,A57,A57-A-S,A
484,A59,A59-A-S,A
485,A60,A60-A-S,A
486,A61,A61-A-S,A
487,A63,A63-A-S,A
488,A64,A64-A-S,A
489,A65,A65-A-S,A
490,B04,B04-F-S,F
491,B06,B06-F-S,F
492,B08,B08-F-S,F
493,B08,B08-Q-S,Q
494,B10,B10-F-S,F
495,B12,B12-D-S,D
496,B13,B13-D-S,D
497,B14,B14-D-S,D
498,B15,B15-D-S,D
499,B16,B16-D-S,D
500,B17,B17-D-S,D
501,B18,B18-D-S,D
502,B19,B19-D-S,D
503,B20,B20-D-S,D
504,B21,B21-D-S,D
505,B22,B22-D-S,D
506,B23,B23-D-S,D
507,D01,D01-D-S,D
508,D03,D03-B-S,B
509,D03,D03-D-S,D
510,D04,D04-B-S,B
511,D04,D04-D-S,D
512,D05,D05-B-S,B
513,D05,D05-D-S,D
514,D06,D06-B-S,B
515,D06,D06-D-S,D
516,D07,D07-B-S,B
517,D07,D07-D-S,D
518,D08,D08-B-S,B
519,D08,D08-D-S,D
520,D09,D09-B-S,B
521,D09,D09-D-S,D
522,D10,D10-B-S,B
523,D10,D10-D-S,D
524,D11,D11-B-S,B
525,D11,D11-D-S,D
526,D12,D12-B-S,B
527,D12,D12-D-S,D
528,D13,D13-B-S,B
529,D13,D13-D-S,D
530,D14,D14-B-S,B
531,D14,D14-D-S,D
532,D14,D14-E-S,E
533,D15,D15-B-S,B
534,D15,D15-D-S,D
535,D15,D15-F-S,F
536,D15,D15-M-S,M
537,D16,D16-B-S,B
538,D16,D16-D-S,D
539,D16,D16-F-S,F
540,D16,D16-M-S,M
541,D17,D17-B-S,B
542,D17,D17-D-S,D
543,D17,D17-F-S,F
544,D17,D17-M-S,M
545,D18,D18-F-S,F
546,D18,D18-M-S,M
547,D19,D19-F-S,F
548,D19,D19-M-S,M
549,D20,D20-B-S,B
550,D20,D20-D-S,D
551,D20,D20-F-S,F
552,D20,D20-M-S,M
553,D21,D21-B-S,B
554,D21,D21-D-S,D
555,D21,D21-F-S,F
556,D21,D21-M-S,M
557,D22,D22-B-S,B
558,D22,D22-D-S,D
559,D24,D24-B-S,B
560,D24,D24-Q-S,Q
561,D25,D25-B-S,B
562,D25,D25-Q-S,Q
563,D26,D26-B-S,B
564,D26,D26-Q-S,Q
565,D27,D27-B-S,B
566,D27,D27-Q-S,Q
567,D28,D28-B-S,B
568,D28,D28-Q-S,Q
569,D29,D29-B-S,B
570,D29,D29-Q-S,Q
571,D30,D30-B-S,B
572,D30,D30-Q-S,Q
573,D31,D31-B-S,B
574,D31,D31-Q-S,Q
575,D32,D32-B-S,B
576,D32,D32-Q-S,Q
577,D33,D33-B-S,B
578,D33,D33-Q-S,Q
579,D34,D34-B-S,B
580,D34,D34-Q-S,Q
581,D35,D35-B-S,B
582,D35,D35-Q-S,Q
583,D37,D37-B-S,B
584,D37,D37-Q-S,Q
585,D38,D38-B-S,B
586,D38,D38-Q-S,Q
587,D39,D39-B-S,B
588,D39,D39-Q-S,Q
589,D40,D40-B-S,B
590,D40,D40-Q-S,Q
591,D41,D41-Q-S,Q
592,D42,D42-F-S,F
593,D42,D42-Q-S,Q
594,D43,D43-D-S,D
595,D43,D43-F-S,F
596,D43,D43-N-S,N
597,D43,D43-Q-S,Q
598,E01,E01-E-S,E
599,F01,F01-F-S,F
600,F02,F02-F-S,F
601,F03,F03-F-S,F
602,F04,F04-F-S,F
603,F05,F05-E-S,E
604,F05,F05-F-S,F
605,F06,F06-E-S,E
606,F06,F06-F-S,F
607,F07,F07-E-S,E
608,F07,F07-F-S,F
609,F09,F09-E-S,E
610,F09,F09-M-S,M
611,F11,F11-E-S,E
612,F11,F11-M-S,M
613,F12,F12-E-S,E
614,F12,F12-M-S,M
615,F14,F14-F-S,F
616,F15,F15-F-S,F
617,F16,F16-F-S,F
618,F18,F18-F-S,F
619,F20,F20-F-S,F
620,F20,F20-G-S,G
621,F21,F21-F-S,F
622,F21,F21-G-S,G
623,F22,F22-F-S,F
624,F22,F22-G-S,G
625,F23,F23-F-S,F
626,F23,F23-G-S,G
627,F24,F24-F-S,F
628,F24,F24-G-S,G
629,F25,F25-F-S,F
630,F25,F25-G-S,G
631,F26,F26-F-S,F
632,F26,F26-G-S,G
633,F27,F27-F-S,F
634,F29,F29-F-S,F
635,F30,F30-F-S,F
636,F31,F31-F-S,F
637,F32,F32-F-S,F
638,F33,F33-F-S,F
639,F34,F34-F-S,F
640,F35,F35-F-S,F
641,F36,F36-F-S,F
642,F38,F38-F-S,F
643,F39,F39-F-S,F
644,G05,G05-E-S,E
645,G05,G05-J-S,J
646,G05,G05-Z-S,Z
647,G06,G06-E-S,E
648,G06,G06-J-S,J
649,G06,G06-Z-S,Z
650,G07,G07-E-S,E
651,G08,G08-E-S,E
652,G08,G08-F-S,F
653,G08,G08-M-S,M
654,G08,G08-R-S,R
655,G09,G09-M-S,M
656,G09,G09-R-S,R
657,G10,G10-M-S,M
658,G10,G10-R-S,R
659,G11,G11-M-S,M
660,G11,G11-R-S,R
661,G12,G12-M-S,M
662,G12,G12-R-S,R
663,G13,G13-M-S,M
664,G13,G13-R-S,R
665,G14,G14-E-S,E
666,G14,G14-F-S,F
667,G14,G14-M-S,M
668,G14,G14-R-S,R
669,G15,G15-M-S,M
670,G15,G15-R-S,R
671,G16,G16-M-S,M
672,G16,G16-R-S,R
673,G18,G18-M-S,M
674,G18,G18-R-S,R
675,G19,G19-M-S,M
676,G19,G19-R-S,R
677,G20,G20-M-S,M
678,G20,G20-R-S,R
679,G21,G21-E-S,E
680,G21,G21-M-S,M
681,G21,G21-R-S,R
682,G22,G22-G-S,G
683,G24,G24-G-S,G
684,G26,G26-G-S,G
685,G28,G28-G-S,G
686,G29,G29-G-S,G
687,G30,G30-G-S,G
688,G31,G31-G-S,G
689,G32,G32-G-S,G
690,G33,G33-G-S,G
691,G34,G34-G-S,G
692,G35,G35-G-S,G
693,G36,G36-G-S,G
694,H01,H01-A-S,A
695,H02,H02-A-S,A
696,H03,H03-A-S,A
697,H04,H04-A-S,A
698,H04,H04-S-S,S
699,H06,H06-A-S,A
700,H07,H07-A-S,A
701,H08,H08-A-S,A
702,H09,H09-A-S,A
703,H10,H10-A-S,A
704,H11,H11-A-S,A
705,H12,H12-A-S,A
706,H12,H12-S-S,S
707,H13,H13-A-S,A
708,H13,H13-S-S,S
709,H14,H14-A-S,A
710,H14,H14-S-S,S
711,H15,H15-A-S,A
712,H15,H15-S-S,S
713,J12,J12-J-S,J
714,J12,J12-Z-S,Z
715,J13,J13-J-S,J
716,J14,J14-J-S,J
717,J14,J14-Z-S,Z
718,J15,J15-J-S,J
719,J15,J15-Z-S,Z
720,J16,J16-J-S,J
721,J17,J17-J-S,J
722,J17,J17-Z-S,Z
723,J19,J19-J-S,J
724,J20,J20-J-S,J
725,J20,J20-Z-S,Z
726,J21,J21-J-S,J
727,J21,J21-Z-S,Z
728,J22,J22-J-S,J
729,J23,J23-J-S,J
730,J23,J23-Z-S,Z
731,J24,J24-J-S,J
732,J27,J27-J-S,J
733,J27,J27-Z-S,Z
734,J28,J28-J-S,J
735,J28,J28-Z-S,Z
736,J29,J29-J-S,J
737,J30,J30-J-S,J
738,J30,J30-Z-S,Z
739,J31,J31-J-S,J
740,L01,L01-L-S,L
741,L02,L02-L-S,L
742,L03,L03-L-S,L
743,L05,L05-L-S,L
744,L06,L06-L-S,L
745,L08,L08-L-S,L
746,L10,L10-L-S,L
747,L11,L11-L-S,L
748,L12,L12-L-S,L
749,L13,L13-L-S,L
750,L14,L14-L-S,L
751,L15,L15-L-S,L
752,L16,L16-L-S,L
753,L17,L17-L-S,L
754,L19,L19-L-S,L
755,L20,L20-L-S,L
756,L21,L21-L-S,L
757,L22,L22-L-S,L
758,L24,L24-L-S,L
759,L25,L25-L-S,L
760,L26,L26-L-S,L
761,L27,L27-L-S,L
762,L28,L28-L-S,L
763,L29,L29-L-S,L
764,M01,M01-M-S,M
765,M04,M04-M-S,M
766,M05,M05-M-S,M
767,M06,M06-M-S,M
768,M08,M08-M-S,M
769,M09,M09-M-S,M
770,M10,M10-M-S,M
771,M11,M11-J-S,J
772,M11,M11-M-S,M
773,M11,M11-Z-S,Z
774,M12,M12-J-S,J
775,M12,M12-M-S,M
776,M13,M13-J-S,J
777,M13,M13-M-S,M
778,M14,M14-J-S,J
779,M14,M14-M-S,M
780,M16,M16-J-S,J
781,M16,M16-M-S,M
782,M16,M16-Z-S,Z
783,M18,M18-J-S,J
784,M18,M18-M-S,M
785,M18,M18-Z-S,Z
786,M19,M19-J-S,J
787,M19,M19-Z-S,Z
788,M20,M20-J-S,J
789,M20,M20-Z-S,Z
790,M21,M21-J-S,J
791,M21,M21-Z-S,Z
792,M22,M22-J-S,J
793,M22,M22-Z-S,Z
794,M23,M23-J-S,J
795,M23,M23-Z-S,Z
796,N02,N02-N-S,N
797,N03,N03-N-S,N
798,N04,N04-N-S,N
799,N05,N05-N-S,N
800,N06,N06-N-S,N
801,N07,N07-N-S,N
802,N08,N08-N-S,N
803,N09,N09-N-S,N
804,N10,N10-N-S,N
805,Q01,Q01-N-S,N
806,Q01,Q01-Q-S,Q
807,Q03,Q03-Q-S,Q
808,Q04,Q04-Q-S,Q
809,Q05,Q05-Q-S,Q
810,R01,R01-N-S,N
811,R01,R01-W-S,W
812,R03,R03-N-S,N
813,R03,R03-W-S,W
814,R04,R04-N-S,N
815,R04,R04-W-S,W
816,R05,R05-N-S,N
817,R05,R05-W-S,W
818,R06,R06-N-S,N
819,R06,R06-W-S,W
820,R08,R08-N-S,N
821,R08,R08-W-S,W
822,R09,R09-N-S,N
823,R09,R09-W-S,W
824,R11,R11-N-S,N
825,R11,R11-W-S,W
826,R11,R11-R-S,R
827,R13,R13-N-S,N
828,R13,R13-W-S,W
829,R13,R13-R-S,R
830,R14,R14-N-S,N
831,R14,R14-Q-S,Q
832,R14,R14-R-S,R
833,R14,R14-W-S,W
834,R15,R15-N-S,N
835,R15,R15-R-S,R
836,R15,R15-W-S,W
837,R16,R16-N-S,N
838,R16,R16-Q-S,Q
839,R16,R16-R-S,R
840,R16,R16-W-S,W
841,R17,R17-N-S,N
842,R17,R17-Q-S,Q
843,R17,R17-R-S,R
844,R17,R17-W-S,W
845,R18,R18-R-S,R
846,R18,R18-W-S,W
847,R19,R19-R-S,R
848,R19,R19-W-S,W
849,R20,R20-N-S,N
850,R20,R20-Q-S,Q
851,R20,R20-R-S,R
852,R20,R20-W-S,W
853,R21,R21-R-S,R
854,R21,R21-W-S,W
855,R22,R22-R-S,R
856,R22,R22-W-S,W
857,R23,R23-R-S,R
858,R23,R23-W-S,W
859,R24,R24-R-S,R
860,R24,R24-W-S,W
861,R25,R25-R-S,R
862,R25,R25-W-S,W
863,R26,R26-R-S,R
864,R26,R26-W-S,W
865,R27,R27-R-S,R
866,R27,R27-W-S,W
867,R28,R28-R-S,R
868,R29,R29-R-S,R
869,R30,R30-B-S,B
870,R30,R30-Q-S,Q
871,R30,R30-R-S,R
872,R31,R31-D-S,D
873,R31,R31-N-S,N
874,R31,R31-R-S,R
875,R32,R32-R-S,R
876,R33,R33-R-S,R
877,R34,R34-R-S,R
878,R35,R35-R-S,R
879,R36,R36-D-S,D
880,R36,R36-N-S,N
881,R36,R36-R-S,R
882,R39,R39-R-S,R
883,R40,R40-R-S,R
884,R41,R41-N-S,N
885,R41,R41-R-S,R
886,R42,R42-R-S,R
887,R43,R43-R-S,R
888,R44,R44-R-S,R
889,R45,R45-R-S,R
890,S01,S01-S-S,S
891,S03,S03-S-S,S
892,S04,S04-S-S,S
893,101,101-1-N,1
894,103,103-1-N,1
895,104,104-1-N,1
896,106,106-1-N,1
897,107,107-1-N,1
898,108,108-1-N,1
899,109,109-1-N,1
900,110,110-1-N,1
901,111,111-1-N,1
902,112,112-1-N,1
903,113,113-1-N,1
904,114,114-1-N,1
905,115,115-1-N,1
906,116,116-1-N,1
907,117,117-1-N,1
908,118,118-1-N,1
909,119,119-1-N,1
910,120,120-1-N,1
911,120,120-2-N,2
912,120,120-3-N,3
913,121,121-1-N,1
914,122,122-1-N,1
915,123,123-1-N,1
916,123,123-2-N,2
917,123,123-3-N,3
918,124,124-1-N,1
919,125,125-1-N,1
920,126,126-1-N,1
921,127,127-1-N,1
922,127,127-2-N,2
923,127,127-3-N,3
924,128,128-1-N,1
925,128,128-2-N,2
926,128,128-3-N,3
927,129,129-1-N,1
928,130,130-1-N,1
929,131,131-1-N,1
930,132,132-1-N,1
931,132,132-2-N,2
932,132,132-3-N,3
933,133,133-1-N,1
934,134,134-1-N,1
935,135,135-1-N,1
936,136,136-1-N,1
937,137,137-1-N,1
938,137,137-2-N,2
939,137,137-3-N,3
940,138,138-1-N,1
941,139,139-1-N,1
942,140,140-1-N,1
943,201,201-2-N,2
944,204,204-2-N,2
945,204,204-5-N,5
946,205,205-2-N,2
947,205,205-5-N,5
948,206,206-2-N,2
949,206,206-5-N,5
950,207,207-2-N,2
951,207,207-5-N,5
952,208,208-2-N,2
953,208,208-5-N,5
954,209,209-2-N,2
955,209,209-5-N,5
956,210,210-2-N,2
957,210,210-5-N,5
958,211,211-2-N,2
959,211,211-5-N,5
960,212,212-2-N,2
961,212,212-5-N,5
962,213,213-2-N,2
963,213,213-5-N,5
964,214,214-2-N,2
965,214,214-5-N,5
966,215,215-2-N,2
967,215,215-5-N,5
968,216,216-2-N,2
969,216,216-5-N,5
970,217,217-2-N,2
971,217,217-5-N,5
972,218,218-2-N,2
973,218,218-5-N,5
974,219,219-2-N,2
975,219,219-5-N,5
976,220,220-2-N,2
977,220,220-5-N,5
978,221,221-2-N,2
979,221,221-5-N,5
980,222,222-2-N,2
981,222,222-5-N,5
982,224,224-2-N,2
983,224,224-3-N,3
984,225,225-2-N,2
985,225,225-3-N,3
986,226,226-2-N,2
987,226,226-3-N,3
988,227,227-2-N,2
989,227,227-3-N,3
990,228,228-2-N,2
991,228,228-3-N,3
992,229,229-2-N,2
993,229,229-3-N,3
994,230,230-2-N,2
995,230,230-3-N,3
996,231,231-2-N,2
997,231,231-3-N,3
998,232,232-2-N,2
999,232,232-3-N,3
1000,233,233-2-N,2
1001,233,233-3-N,3
1002,234,234-2-N,2
1003,234,234-3-N,3
1004,234,234-4-N,4
1005,234,234-5-N,5
1006,235,235-2-N,2
1007,235,235-3-N,3
1008,236,236-2-N,2
1009,236,236-3-N,3
1010,237,237-2-N,2
1011,237,237-3-N,3
1012,238,238-2-N,2
1013,238,238-3-N,3
1014,239,239-2-N,2
1015,239,239-3-N,3
1016,239,239-4-N,4
1017,239,239-5-N,5
1018,241,241-2-N,2
1019,241,241-5-N,5
1020,242,242-2-N,2
1021,242,242-5-N,5
1022,243,243-2-N,2
1023,243,243-5-N,5
1024,244,244-2-N,2
1025,244,244-5-N,5
1026,245,245-2-N,2
1027,245,245-5-N,5
1028,246,246-2-N,2
1029,246,246-5-N,5
1030,247,247-2-N,2
1031,247,247-5-N,5
1032,248,248-3-N,3
1033,249,249-3-N,3
1034,250,250-3-N,3
1035,250,250-4-N,4
1036,251,251-3-N,3
1037,252,252-3-N,3
1038,253,253-3-N,3
1039,254,254-3-N,3
1040,255,255-3-N,3
1041,256,256-3-N,3
1042,257,257-3-N,3
1043,301,301-3-N,3
1044,302,302-3-N,3
1045,401,401-4-N,4
1046,402,402-4-N,4
1047,405,405-4-N,4
1048,406,406-4-N,4
1049,407,407-4-N,4
1050,408,408-4-N,4
1051,409,409-4-N,4
1052,410,410-4-N,4
1053,411,411-4-N,4
1054,412,412-4-N,4
1055,413,413-4-N,4
1056,414,414-4-N,4
1057,415,415-4-N,4
1058,416,416-4-N,4
1059,416,416-5-N,5
1060,418,418-4-N,4
1061,418,418-5-N,5
1062,419,419-4-N,4
1063,419,419-5-N,5
1064,420,420-4-N,4
1065,420,420-5-N,5
1066,423,423-4-N,4
1067,423,423-5-N,5
1068,501,501-5-N,5
1069,502,502-5-N,5
1070,503,503-5-N,5
1071,504,504-5-N,5
1072,505,505-5-N,5
1073,601,601-6-N,6
1074,602,602-6-N,6
1075,603,603-6-N,6
1076,604,604-6-N,6
1077,606,606-6-N,6
1078,607,607-6-N,6
1079,608,608-6-N,6
1080,609,609-6-N,6
1081,610,610-6-N,6
1082,611,611-6-N,6
1083,612,612-6-N,6
1084,613,613-6-N,6
1085,614,614-6-N,6
1086,615,615-6-N,6
1087,616,616-6-N,6
1088,617,617-6-N,6
1089,618,618-6-N,6
1090,619,619-6-N,6
1091,621,621-4-N,4
1092,621,621-5-N,5
1093,621,621-6-N,6
1094,622,622-6-N,6
1095,623,623-6-N,6
1096,624,624-6-N,6
1097,625,625-6-N,6
1098,626,626-4-N,4
1099,626,626-5-N,5
1100,626,626-6-N,6
1101,627,627-6-N,6
1102,628,628-6-N,6
1103,629,629-4-N,4
1104,629,629-5-N,5
1105,629,629-6-N,6
1106,630,630-6-N,6
1107,631,631-4-N,4
1108,631,631-5-N,5
1109,631,631-6-N,6
1110,632,632-6-N,6
1111,633,633-6-N,6
1112,634,634-6-N,6
1113,635,635-4-N,4
1114,635,635-5-N,5
1115,635,635-6-N,6
1116,636,636-6-N,6
1117,637,637-6-N,6
1118,638,638-6-N,6
1119,639,639-6-N,6
1120,640,640-4-N,4
1121,640,640-5-N,5
1122,640,640-6-N,6
1123,701,701-7-N,7
1124,702,702-7-N,7
1125,705,705-7-N,7
1126,706,706-7-N,7
1127,707,707-7-N,7
1128,708,708-7-N,7
1129,709,709-7-N,7
1130,710,710-7-N,7
1131,711,711-7-N,7
1132,712,712-7-N,7
1133,713,713-7-N,7
1134,714,714-7-N,7
1135,715,715-7-N,7
1136,716,716-7-N,7
1137,718,718-7-N,7
1138,719,719-7-N,7
1139,720,720-7-N,7
1140,721,721-7-N,7
1141,723,723-7-N,7
1142,724,724-7-N,7
1143,725,725-7-N,7
1144,726,726-7-N,7
1145,901,901-S-N,S
1146,902,902-S-N,S
1147,A02,A02-A-N,A
1148,A03,A03-A-N,A
1149,A05,A05-A-N,A
1150,A06,A06-A-N,A
1151,A07,A07-A-N,A
1152,A09,A09-A-N,A
1153,A09,A09-C-N,C
1154,A10,A10-C-N,C
1155,A11,A11-C-N,C
1156,A12,A12-A-N,A
1157,A12,A12-C-N,C
1158,A14,A14-B-N,B
1159,A14,A14-C-N,C
1160,A15,A15-A-N,A
1161,A15,A15-B-N,B
1162,A15,A15-C-N,C
1163,A15,A15-D-N,D
1164,A16,A16-B-N,B
1165,A16,A16-C-N,C
1166,A17,A17-B-N,B
1167,A17,A17-C-N,C
1168,A18,A18-B-N,B
1169,A18,A18-C-N,C
1170,A19,A19-B-N,B
1171,A19,A19-C-N,C
1172,A20,A20-B-N,B
1173,A20,A20-C-N,C
1174,A21,A21-B-N,B
1175,A21,A21-C-N,C
1176,A22,A22-B-N,B
1177,A22,A22-C-N,C
1178,A24,A24-A-N,A
1179,A24,A24-B-N,B
1180,A24,A24-C-N,C
1181,A24,A24-D-N,D
1182,A25,A25-C-N,C
1183,A25,A25-E-N,E
1184,A27,A27-A-N,A
1185,A27,A27-C-N,C
1186,A27,A27-E-N,E
1187,A28,A28-A-N,A
1188,A28,A28-C-N,C
1189,A28,A28-E-N,E
1190,A30,A30-C-N,C
1191,A30,A30-E-N,E
1192,A31,A31-A-N,A
1193,A31,A31-C-N,C
1194,A31,A31-E-N,E
1195,A32,A32-A-N,A
1196,A32,A32-C-N,C
1197,A32,A32-E-N,E
1198,A33,A33-C-N,C
1199,A33,A33-E-N,E
1200,A34,A34-A-N,A
1201,A34,A34-C-N,C
1202,A34,A34-E-N,E
1203,A36,A36-A-N,A
1204,A36,A36-C-N,C
1205,A38,A38-A-N,A
1206,A38,A38-C-N,C
1207,A40,A40-A-N,A
1208,A40,A40-C-N,C
1209,A41,A41-A-N,A
1210,A41,A41-C-N,C
1211,A41,A41-F-N,F
1212,A42,A42-A-N,A
1213,A42,A42-C-N,C
1214,A42,A42-G-N,G
1215,A43,A43-C-N,C
1216,A44,A44-C-N,C
1217,A45,A45-C-N,C
1218,A46,A46-A-N,A
1219,A46,A46-C-N,C
1220,A47,A47-C-N,C
1221,A48,A48-A-N,A
1222,A48,A48-C-N,C
1223,A49,A49-C-N,C
1224,A50,A50-C-N,C
1225,A51,A51-A-N,A
1226,A51,A51-C-N,C
1227,A52,A52-C-N,C
1228,A53,A53-C-N,C
1229,A54,A54-C-N,C
1230,A55,A55-A-N,A
1231,A55,A55-C-N,C
1232,A57,A57-A-N,A
1233,A59,A59-A-N,A
1234,A60,A60-A-N,A
1235,A61,A61-A-N,A
1236,A63,A63-A-N,A
1237,A64,A64-A-N,A
1238,A65,A65-A-N,A
1239,B04,B04-F-N,F
1240,B06,B06-F-N,F
1241,B08,B08-F-N,F
1242,B08,B08-Q-N,Q
1243,B10,B10-F-N,F
1244,B12,B12-D-N,D
1245,B13,B13-D-N,D
1246,B14,B14-D-N,D
1247,B15,B15-D-N,D
1248,B16,B16-D-N,D
1249,B17,B17-D-N,D
1250,B18,B18-D-N,D
1251,B19,B19-D-N,D
1252,B20,B20-D-N,D
1253,B21,B21-D-N,D
1254,B22,B22-D-N,D
1255,B23,B23-D-N,D
1256,D01,D01-D-N,D
1257,D03,D03-B-N,B
1258,D03,D03-D-N,D
1259,D04,D04-B-N,B
1260,D04,D04-D-N,D
1261,D05,D05-B-N,B
1262,D05,D05-D-N,D
1263,D06,D06-B-N,B
1264,D06,D06-D-N,D
1265,D07,D07-B-N,B
1266,D07,D07-D-N,D
1267,D08,D08-B-N,B
1268,D08,D08-D-N,D
1269,D09,D09-B-N,B
1270,D09,D09-D-N,D
1271,D10,D10-B-N,B
1272,D10,D10-D-N,D
1273,D11,D11-B-N,B
1274,D11,D11-D-N,D
1275,D12,D12-B-N,B
1276,D12,D12-D-N,D
1277,D13,D13-B-N,B
1278,D13,D13-D-N,D
1279,D14,D14-B-N,B
1280,D14,D14-D-N,D
1281,D14,D14-E-N,E
1282,D15,D15-B-N,B
1283,D15,D15-D-N,D
1284,D15,D15-F-N,F
1285,D15,D15-M-N,M
1286,D16,D16-B-N,B
1287,D16,D16-D-N,D
1288,D16,D16-F-N,F
1289,D16,D16-M-N,M
1290,D17,D17-B-N,B
1291,D17,D17-D-N,D
1292,D17,D17-F-N,F
1293,D17,D17-M-N,M
1294,D18,D18-F-N,F
1295,D18,D18-M-N,M
1296,D19,D19-F-N,F
1297,D19,D19-M-N,M
1298,D20,D20-B-N,B
1299,D20,D20-D-N,D
1300,D20,D20-F-N,F
1301,D20,D20-M-N,M
1302,D21,D21-B-N,B
1303,D21,D21-D-N,D
1304,D21,D21-F-N,F
1305,D21,D21-M-N,M
1306,D22,D22-B-N,B
1307,D22,D22-D-N,D
1308,D24,D24-B-N,B
1309,D24,D24-Q-N,Q
1310,D25,D25-B-N,B
1311,D25,D25-Q-N,Q
1312,D26,D26-B-N,B
1313,D26,D26-Q-N,Q
1314,D27,D27-B-N,B
1315,D27,D27-Q-N,Q
1316,D28,D28-B-N,B
1317,D28,D28-Q-N,Q
1318,D29,D29-B-N,B
1319,D29,D29-Q-N,Q
1320,D30,D30-B-N,B
1321,D30,D30-Q-N,Q
1322,D31,D31-B-N,B
1323,D31,D31-Q-N,Q
1324,D32,D32-B-N,B
1325,D32,D32-Q-N,Q
1326,D33,D33-B-N,B
1327,D33,D33-Q-N,Q
1328,D34,D34-B-N,B
1329,D34,D34-Q-N,Q
1330,D35,D35-B-N,B
1331,D35,D35-Q-N,Q
1332,D37,D37-B-N,B
1333,D37,D37-Q-N,Q
1334,D38,D38-B-N,B
1335,D38,D38-Q-N,Q
1336,D39,D39-B-N,B
1337,D39,D39-Q-N,Q
1338,D40,D40-B-N,B
1339,D40,D40-Q-N,Q
1340,D41,D41-Q-N,Q
1341,D42,D42-F-N,F
1342,D42,D42-Q-N,Q
1343,D43,D43-D-N,D
1344,D43,D43-F-N,F
1345,D43,D43-N-N,N
1346,D43,D43-Q-N,Q
1347,E01,E01-E-N,E
1348,F01,F01-F-N,F
1349,F02,F02-F-N,F
1350,F03,F03-F-N,F
1351,F04,F04-F-N,F
1352,F05,F05-E-N,E
1353,F05,F05-F-N,F
1354,F06,F06-E-N,E
1355,F06,F06-F-N,F
1356,F07,F07-E-N,E
1357,F07,F07-F-N,F
1358,F09,F09-E-N,E
1359,F09,F09-M-N,M
1360,F11,F11-E-N,E
1361,F11,F11-M-N,M
1362,F12,F12-E-N,E
1363,F12,F12-M-N,M
1364,F14,F14-F-N,F
1365,F15,F15-F-N,F
1366,F16,F16-F-N,F
1367,F18,F18-F-N,F
1368,F20,F20-F-N,F
1369,F20,F20-G-N,G
1370,F21,F21-F-N,F
1371,F21,F21-G-N,G
1372,F22,F22-F-N,F
1373,F22,F22-G-N,G
1374,F23,F23-F-N,F
1375,F23,F23-G-N,G
1376,F24,F24-F-N,F
1377,F24,F24-G-N,G
1378,F25,F25-F-N,F
1379,F25,F25-G-N,G
1380,F26,F26-F-N,F
1381,F26,F26-G-N,G
1382,F27,F27-F-N,F
1383,F29,F29-F-N,F
1384,F30,F30-F-N,F
1385,F31,F31-F-N,F
1386,F32,F32-F-N,F
1387,F33,F33-F-N,F
1388,F34,F34-F-N,F
1389,F35,F35-F-N,F
1390,F36,F36-F-N,F
1391,F38,F38-F-N,F
1392,F39,F39-F-N,F
1393,G05,G05-E-N,E
1394,G05,G05-J-N,J
1395,G05,G05-Z-N,Z
1396,G06,G06-E-N,E
1397,G06,G06-J-N,J
1398,G06,G06-Z-N,Z
1399,G07,G07-E-N,E
1400,G08,G08-E-N,E
1401,G08,G08-F-N,F
1402,G08,G08-M-N,M
1403,G08,G08-R-N,R
1404,G09,G09-M-N,M
1405,G09,G09-R-N,R
1406,G10,G10-M-N,M
1407,G10,G10-R-N,R
1408,G11,G11-M-N,M
1409,G11,G11-R-N,R
1410,G12,G12-M-N,M
1411,G12,G12-R-N,R
1412,G13,G13-M-N,M
1413,G13,G13-R-N,R
1414,G14,G14-E-N,E
1415,G14,G14-F-N,F
1416,G14,G14-M-N,M
1417,G14,G14-R-N,R
1418,G15,G15-M-N,M
1419,G15,G15-R-N,R
1420,G16,G16-M-N,M
1421,G16,G16-R-N,R
1422,G18,G18-M-N,M
1423,G18,G18-R-N,R
1424,G19,G19-M-N,M
1425,G19,G19-R-N,R
1426,G20,G20-M-N,M
1427,G20,G20-R-N,R
1428,G21,G21-E-N,E
1429,G21,G21-M-N,M
1430,G21,G21-R-N,R
1431,G22,G22-G-N,G
1432,G24,G24-G-N,G
1433,G26,G26-G-N,G
1434,G28,G28-G-N,G
1435,G29,G29-G-N,G
1436,G30,G30-G-N,G
1437,G31,G31-G-N,G
1438,G32,G32-G-N,G
1439,G33,G33-G-N,G
1440,G34,G34-G-N,G
1441,G35,G35-G-N,G
1442,G36,G36-G-N,G
1443,H01,H01-A-N,A
1444,H02,H02-A-N,A
1445,H03,H03-A-N,A
1446,H04,H04-A-N,A
1447,H04,H04-S-N,S
1448,H06,H06-A-N,A
1449,H07,H07-A-N,A
1450,H08,H08-A-N,A
1451,H09,H09-A-N,A
1452,H10,H10-A-N,A
1453,H11,H11-A-N,A
1454,H12,H12-A-N,A
1455,H12,H12-S-N,S
1456,H13,H13-A-N,A
1457,H13,H13-S-N,S
1458,H14,H14-A-N,A
1459,H14,H14-S-N,S
1460,H15,H15-A-N,A
1461,H15,H15-S-N,S
1462,J12,J12-J-N,J
1463,J12,J12-Z-N,Z
1464,J13,J13-J-N,J
1465,J14,J14-J-N,J
1466,J14,J14-Z-N,Z
1467,J15,J15-J-N,J
1468,J15,J15-Z-N,Z
1469,J16,J16-J-N,J
1470,J17,J17-J-N,J
1471,J17,J17-Z-N,Z
1472,J19,J19-J-N,J
1473,J20,J20-J-N,J
1474,J20,J20-Z-N,Z
1475,J21,J21-J-N,J
1476,J21,J21-Z-N,Z
1477,J22,J22-J-N,J
1478,J23,J23-J-N,J
1479,J23,J23-Z-N,Z
1480,J24,J24-J-N,J
1481,J27,J27-J-N,J
1482,J27,J27-Z-N,Z
1483,J28,J28-J-N,J
1484,J28,J28-Z-N,Z
1485,J29,J29-J-N,J
1486,J30,J30-J-N,J
1487,J30,J30-Z-N,Z
1488,J31,J31-J-N,J
1489,L01,L01-L-N,L
1490,L02,L02-L-N,L
1491,L03,L03-L-N,L
1492,L05,L05-L-N,L
1493,L06,L06-L-N,L
1494,L08,L08-L-N,L
1495,L10,L10-L-N,L
1496,L11,L11-L-N,L
1497,L12,L12-L-N,L
1498,L13,L13-L-N,L
1499,L14,L14-L-N,L
1500,L15,L15-L-N,L
1501,L16,L16-L-N,L
1502,L17,L17-L-N,L
1503,L19,L19-L-N,L
1504,L20,L20-L-N,L
1505,L21,L21-L-N,L
1506,L22,L22-L-N,L
1507,L24,L24-L-N,L
1508,L25,L25-L-N,L
1509,L26,L26-L-N,L
1510,L27,L27-L-N,L
1511,L28,L28-L-N,L
1512,L29,L29-L-N,L
1513,M01,M01-M-N,M
1514,M04,M04-M-N,M
1515,M05,M05-M-N,M
1516,M06,M06-M-N,M
1517,M08,M08-M-N,M
1518,M09,M09-M-N,M
1519,M10,M10-M-N,M
1520,M11,M11-J-N,J
1521,M11,M11-M-N,M
1522,M11,M11-Z-N,Z
1523,M12,M12-J-N,J
1524,M12,M12-M-N,M
1525,M13,M13-J-N,J
1526,M13,M13-M-N,M
1527,M14,M14-J-N,J
1528,M14,M14-M-N,M
1529,M16,M16-J-N,J
1530,M16,M16-M-N,M
1531,M16,M16-Z-N,Z
1532,M18,M18-J-N,J
1533,M18,M18-M-N,M
1534,M18,M18-Z-N,Z
1535,M19,M19-J-N,J
1536,M19,M19-Z-N,Z
1537,M20,M20-J-N,J
1538,M20,M20-Z-N,Z
1539,M21,M21-J-N,J
1540,M21,M21-Z-N,Z
1541,M22,M22-J-N,J
1542,M22,M22-Z-N,Z
1543,M23,M23-J-N,J
1544,M23,M23-Z-N,Z
1545,N02,N02-N-N,N
1546,N03,N03-N-N,N
1547,N04,N04-N-N,N
1548,N05,N05-N-N,N
1549,N06,N06-N-N,N
1550,N07,N07-N-N,N
1551,N08,N08-N-N,N
1552,N09,N09-N-N,N
1553,N10,N10-N-N,N
1554,Q01,Q01-N-N,N
1555,Q01,Q01-Q-N,Q
1556,Q03,Q03-Q-N,Q
1557,Q04,Q04-Q-N,Q
1558,Q05,Q05-Q-N,Q
1559,R01,R01-N-N,N
1560,R01,R01-W-N,W
1561,R03,R03-N-N,N
1562,R03,R03-W-N,W
1563,R04,R04-N-N,N
1564,R04,R04-W-N,W
1565,R05,R05-N-N,N
1566,R05,R05-W-N,W
1567,R06,R06-N-N,N
1568,R06,R06-W-N,W
1569,R08,R08-N-N,N
1570,R08,R08-W-N,W
1571,R09,R09-N-N,N
1572,R09,R09-W-N,W
1573,R11,R11-N-N,N
1574,R11,R11-W-N,W
1575,R11,R11-R-N,R
1576,R13,R13-N-N,N
1577,R13,R13-W-N,W
1578,R13,R13-R-N,R
1579,R14,R14-N-N,N
1580,R14,R14-Q-N,Q
1581,R14,R14-R-N,R
1582,R14,R14-W-N,W
1583,R15,R15-N-N,N
1584,R15,R15-R-N,R
1585,R15,R15-W-N,W
1586,R16,R16-N-N,N
1587,R16,R16-Q-N,Q
1588,R16,R16-R-N,R
1589,R16,R16-W-N,W
1590,R17,R17-N-N,N
1591,R17,R17-Q-N,Q
1592,R17,R17-R-N,R
1593,R17,R17-W-N,W
1594,R18,R18-R-N,R
1595,R18,R18-W-N,W
1596,R19,R19-R-N,R
1597,R19,R19-W-N,W
1598,R20,R20-N-N,N
1599,R20,R20-Q-N,Q
1600,R20,R20-R-N,R
1601,R20,R20-W-N,W
1602,R21,R21-R-N,R
1603,R21,R21-W-N,W
1604,R22,R22-R-N,R
1605,R22,R22-W-N,W
1606,R23,R23-R-N,R
1607,R23,R23-W-N,W
1608,R24,R24-R-N,R
1609,R24,R24-W-N,W
1610,R25,R25-R-N,R
1611,R25,R25-W-N,W
1612,R26,R26-R-N,R
1613,R26,R26-W-N,W
1614,R27,R27-R-N,R
1615,R27,R27-W-N,W
1616,R28,R28-R-N,R
1617,R29,R29-R-N,R
1618,R30,R30-B-N,B
1619,R30,R30-Q-N,Q
1620,R30,R30-R-N,R
1621,R31,R31-D-N,D
1622,R31,R31-N-N,N
1623,R31,R31-R-N,R
1624,R32,R32-R-N,R
1625,R33,R33-R-N,R
1626,R34,R34-R-N,R
1627,R35,R35-R-N,R
1628,R36,R36-D-N,D
1629,R36,R36-N-N,N
1630,R36,R36-R-N,R
1631,R39,R39-R-N,R
1632,R40,R40-R-N,R
1633,R41,R41-N-N,N
1634,R41,R41-R-N,R
1635,R42,R42-R-N,R
1636,R43,R43-R-N,R
1637,R44,R44-R-N,R
1638,R45,R45-R-N,R
1639,S01,S01-S-N,S
1640,S03,S03-S-N,S
1641,S04,S04-S-N,S
1642,103-1-S,104-1-S,1
1643,103-1-S,101-1-S,1
1644,106-1-S,104-1-S,1
1645,106-1-S,107-1-S,1
1646,108-1-S,109-1-S,1
1647,108-1-S,107-1-S,1
1648,109-1-S,110-1-S,1
1649,111-1-S,112-1-S,1
1650,111-1-S,110-1-S,1
1651,113-1-S,112-1-S,1
1652,114-1-S,113-1-S,1
1653,115-1-S,114-1-S,1
1654,115-1-S,116-1-S,1
1655,117-1-S,118-1-S,1
1656,117-1-S,116-1-S,1
1657,119-1-S,118-1-S,1
1658,120-1-S,121-1-S,1
1659,120-1-S,119-1-S,1
1660,120-1-S,123-1-S,1
1661,121-1-S,122-1-S,1
1662,122-1-S,123-1-S,1
1663,123-1-S,127-1-S,1
1664,123-1-S,124-1-S,1
1665,124-1-S,125-1-S,1
1666,125-1-S,126-1-S,1
1667,126-1-S,127-1-S,1
1668,127-1-S,128-1-S,1
1669,128-1-S,129-1-S,1
1670,130-1-S,129-1-S,1
1671,131-1-S,130-1-S,1
1672,132-1-S,128-1-S,1
1673,132-1-S,131-1-S,1
1674,132-1-S,137-1-S,1
1675,133-1-S,134-1-S,1
1676,133-1-S,132-1-S,1
1677,135-1-S,134-1-S,1
1678,136-1-S,135-1-S,1
1679,137-1-S,138-1-S,1
1680,137-1-S,136-1-S,1
1681,139-1-S,140-1-S,1
1682,139-1-S,138-1-S,1
1683,120-2-S,227-2-S,2
1684,120-2-S,123-2-S,2
1685,123-2-S,127-2-S,2
1686,127-2-S,128-2-S,2
1687,132-2-S,128-2-S,2
1688,132-2-S,137-2-S,2
1689,137-2-S,228-2-S,2
1690,201-2-S,204-2-S,2
1691,205-2-S,204-2-S,2
1692,205-2-S,206-2-S,2
1693,207-2-S,208-2-S,2
1694,207-2-S,206-2-S,2
1695,209-2-S,208-2-S,2
1696,209-2-S,210-2-S,2
1697,210-2-S,211-2-S,2
1698,212-2-S,213-2-S,2
1699,212-2-S,211-2-S,2
1700,214-2-S,213-2-S,2
1701,214-2-S,215-2-S,2
1702,216-2-S,215-2-S,2
1703,216-2-S,217-2-S,2
1704,217-2-S,218-2-S,2
1705,218-2-S,219-2-S,2
1706,219-2-S,220-2-S,2
1707,221-2-S,220-2-S,2
1708,222-2-S,221-2-S,2
1709,224-2-S,222-2-S,2
1710,225-2-S,224-2-S,2
1711,226-2-S,225-2-S,2
1712,227-2-S,226-2-S,2
1713,229-2-S,228-2-S,2
1714,230-2-S,229-2-S,2
1715,230-2-S,231-2-S,2
1716,231-2-S,232-2-S,2
1717,232-2-S,233-2-S,2
1718,234-2-S,239-2-S,2
1719,234-2-S,233-2-S,2
1720,234-2-S,235-2-S,2
1721,235-2-S,236-2-S,2
1722,236-2-S,237-2-S,2
1723,238-2-S,237-2-S,2
1724,238-2-S,239-2-S,2
1725,239-2-S,241-2-S,2
1726,239-2-S,235-2-S,2
1727,241-2-S,242-2-S,2
1728,243-2-S,242-2-S,2
1729,244-2-S,243-2-S,2
1730,245-2-S,246-2-S,2
1731,245-2-S,244-2-S,2
1732,247-2-S,246-2-S,2
1733,120-3-S,227-3-S,3
1734,120-3-S,123-3-S,3
1735,123-3-S,127-3-S,3
1736,127-3-S,128-3-S,3
1737,132-3-S,128-3-S,3
1738,132-3-S,137-3-S,3
1739,137-3-S,228-3-S,3
1740,225-3-S,224-3-S,3
1741,226-3-S,225-3-S,3
1742,227-3-S,226-3-S,3
1743,229-3-S,228-3-S,3
1744,230-3-S,229-3-S,3
1745,230-3-S,231-3-S,3
1746,231-3-S,232-3-S,3
1747,232-3-S,233-3-S,3
1748,234-3-S,239-3-S,3
1749,234-3-S,233-3-S,3
1750,234-3-S,235-3-S,3
1751,235-3-S,236-3-S,3
1752,236-3-S,237-3-S,3
1753,238-3-S,237-3-S,3
1754,238-3-S,239-3-S,3
1755,239-3-S,248-3-S,3
1756,239-3-S,235-3-S,3
1757,239-3-S,250-3-S,3
1758,249-3-S,248-3-S,3
1759,249-3-S,250-3-S,3
1760,250-3-S,251-3-S,3
1761,252-3-S,251-3-S,3
1762,252-3-S,253-3-S,3
1763,253-3-S,254-3-S,3
1764,254-3-S,255-3-S,3
1765,256-3-S,255-3-S,3
1766,256-3-S,257-3-S,3
1767,301-3-S,302-3-S,3
1768,302-3-S,224-3-S,3
1769,205-5-S,204-5-S,5
1770,205-5-S,206-5-S,5
1771,207-5-S,208-5-S,5
1772,207-5-S,206-5-S,5
1773,209-5-S,208-5-S,5
1774,209-5-S,210-5-S,5
1775,210-5-S,211-5-S,5
1776,212-5-S,213-5-S,5
1777,212-5-S,211-5-S,5
1778,214-5-S,213-5-S,5
1779,214-5-S,215-5-S,5
1780,216-5-S,215-5-S,5
1781,216-5-S,217-5-S,5
1782,217-5-S,218-5-S,5
1783,218-5-S,219-5-S,5
1784,219-5-S,220-5-S,5
1785,221-5-S,220-5-S,5
1786,222-5-S,221-5-S,5
1787,234-5-S,239-5-S,5
1788,234-5-S,423-5-S,5
1789,239-5-S,241-5-S,5
1790,241-5-S,242-5-S,5
1791,243-5-S,242-5-S,5
1792,244-5-S,243-5-S,5
1793,245-5-S,246-5-S,5
1794,245-5-S,244-5-S,5
1795,247-5-S,246-5-S,5
1796,416-5-S,222-5-S,5
1797,418-5-S,419-5-S,5
1798,419-5-S,420-5-S,5
1799,420-5-S,423-5-S,5
1800,502-5-S,501-5-S,5
1801,502-5-S,503-5-S,5
1802,504-5-S,503-5-S,5
1803,504-5-S,505-5-S,5
1804,505-5-S,213-5-S,5
1805,621-5-S,626-5-S,5
1806,621-5-S,416-5-S,5
1807,626-5-S,629-5-S,5
1808,629-5-S,631-5-S,5
1809,631-5-S,635-5-S,5
1810,640-5-S,635-5-S,5
1811,640-5-S,418-5-S,5
1812,234-4-S,239-4-S,4
1813,234-4-S,423-4-S,4
1814,239-4-S,250-4-S,4
1815,402-4-S,401-4-S,4
1816,405-4-S,402-4-S,4
1817,406-4-S,405-4-S,4
1818,407-4-S,406-4-S,4
1819,407-4-S,408-4-S,4
1820,409-4-S,410-4-S,4
1821,409-4-S,408-4-S,4
1822,410-4-S,411-4-S,4
1823,411-4-S,412-4-S,4
1824,412-4-S,413-4-S,4
1825,414-4-S,415-4-S,4
1826,414-4-S,413-4-S,4
1827,415-4-S,416-4-S,4
1828,418-4-S,419-4-S,4
1829,419-4-S,420-4-S,4
1830,420-4-S,423-4-S,4
1831,621-4-S,626-4-S,4
1832,621-4-S,416-4-S,4
1833,626-4-S,629-4-S,4
1834,629-4-S,631-4-S,4
1835,631-4-S,635-4-S,4
1836,640-4-S,635-4-S,4
1837,640-4-S,418-4-S,4
1838,601-6-S,602-6-S,6
1839,603-6-S,602-6-S,6
1840,604-6-S,606-6-S,6
1841,604-6-S,603-6-S,6
1842,607-6-S,606-6-S,6
1843,607-6-S,608-6-S,6
1844,609-6-S,608-6-S,6
1845,610-6-S,609-6-S,6
1846,610-6-S,611-6-S,6
1847,612-6-S,611-6-S,6
1848,612-6-S,613-6-S,6
1849,613-6-S,614-6-S,6
1850,614-6-S,615-6-S,6
1851,616-6-S,615-6-S,6
1852,616-6-S,617-6-S,6
1853,618-6-S,617-6-S,6
1854,618-6-S,619-6-S,6
1855,619-6-S,621-6-S,6
1856,621-6-S,626-6-S,6
1857,622-6-S,621-6-S,6
1858,623-6-S,624-6-S,6
1859,623-6-S,622-6-S,6
1860,625-6-S,624-6-S,6
1861,626-6-S,629-6-S,6
1862,626-6-S,625-6-S,6
1863,627-6-S,628-6-S,6
1864,627-6-S,626-6-S,6
1865,629-6-S,628-6-S,6
1866,629-6-S,631-6-S,6
1867,629-6-S,630-6-S,6
1868,630-6-S,631-6-S,6
1869,631-6-S,635-6-S,6
1870,631-6-S,632-6-S,6
1871,632-6-S,633-6-S,6
1872,633-6-S,634-6-S,6
1873,634-6-S,635-6-S,6
1874,635-6-S,636-6-S,6
1875,636-6-S,637-6-S,6
1876,637-6-S,638-6-S,6
1877,638-6-S,639-6-S,6
1878,640-6-S,635-6-S,6
1879,640-6-S,639-6-S,6
1880,701-7-S,702-7-S,7
1881,705-7-S,706-7-S,7
1882,705-7-S,702-7-S,7
1883,706-7-S,707-7-S,7
1884,708-7-S,709-7-S,7
1885,708-7-S,707-7-S,7
1886,710-7-S,709-7-S,7
1887,711-7-S,710-7-S,7
1888,712-7-S,711-7-S,7
1889,713-7-S,712-7-S,7
1890,714-7-S,713-7-S,7
1891,715-7-S,714-7-S,7
1892,716-7-S,715-7-S,7
1893,718-7-S,716-7-S,7
1894,719-7-S,718-7-S,7
1895,719-7-S,720-7-S,7
1896,720-7-S,721-7-S,7
1897,723-7-S,721-7-S,7
1898,724-7-S,725-7-S,7
1899,724-7-S,723-7-S,7
1900,726-7-S,725-7-S,7
1901,902-S-S,901-S-S,S
1902,H12-S-S,H13-S-S,S
1903,H12-S-S,H04-S-S,S
1904,H13-S-S,H14-S-S,S
1905,H14-S-S,H15-S-S,S
1906,S01-S-S,S03-S-S,S
1907,S03-S-S,S04-S-S,S
1908,A02-A-S,A03-A-S,A
1909,A03-A-S,A05-A-S,A
1910,A06-A-S,A07-A-S,A
1911,A06-A-S,A05-A-S,A
1912,A09-A-S,A07-A-S,A
1913,A09-A-S,A12-A-S,A
1914,A15-A-S,A12-A-S,A
1915,A24-A-S,A27-A-S,A
1916,A24-A-S,A15-A-S,A
1917,A27-A-S,A28-A-S,A
1918,A31-A-S,A28-A-S,A
1919,A32-A-S,A34-A-S,A
1920,A32-A-S,A31-A-S,A
1921,A36-A-S,A38-A-S,A
1922,A36-A-S,A34-A-S,A
1923,A40-A-S,A41-A-S,A
1924,A40-A-S,A38-A-S,A
1925,A42-A-S,A41-A-S,A
1926,A46-A-S,A48-A-S,A
1927,A46-A-S,A42-A-S,A
1928,A48-A-S,A51-A-S,A
1929,A51-A-S,A55-A-S,A
1930,A55-A-S,A57-A-S,A
1931,A59-A-S,A60-A-S,A
1932,A59-A-S,A57-A-S,A
1933,A60-A-S,A61-A-S,A
1934,A61-A-S,A63-A-S,A
1935,A64-A-S,A63-A-S,A
1936,A64-A-S,A65-A-S,A
1937,H01-A-S,A61-A-S,A
1938,H02-A-S,H01-A-S,A
1939,H03-A-S,H04-A-S,A
1940,H03-A-S,H02-A-S,A
1941,H06-A-S,H04-A-S,A
1942,H07-A-S,H06-A-S,A
1943,H08-A-S,H07-A-S,A
1944,H09-A-S,H08-A-S,A
1945,H10-A-S,H11-A-S,A
1946,H10-A-S,H09-A-S,A
1947,H12-A-S,H13-A-S,A
1948,H12-A-S,H04-A-S,A
1949,H13-A-S,H14-A-S,A
1950,H14-A-S,H15-A-S,A
1951,A09-C-S,A10-C-S,C
1952,A09-C-S,A12-C-S,C
1953,A11-C-S,A12-C-S,C
1954,A11-C-S,A10-C-S,C
1955,A14-C-S,A12-C-S,C
1956,A15-C-S,A14-C-S,C
1957,A15-C-S,A16-C-S,C
1958,A15-C-S,A12-C-S,C
1959,A17-C-S,A16-C-S,C
1960,A17-C-S,A18-C-S,C
1961,A19-C-S,A18-C-S,C
1962,A20-C-S,A19-C-S,C
1963,A20-C-S,A21-C-S,C
1964,A21-C-S,A22-C-S,C
1965,A22-C-S,A24-C-S,C
1966,A24-C-S,A27-C-S,C
1967,A24-C-S,A25-C-S,C
1968,A24-C-S,A15-C-S,C
1969,A25-C-S,A27-C-S,C
1970,A27-C-S,A28-C-S,C
1971,A30-C-S,A28-C-S,C
1972,A31-C-S,A30-C-S,C
1973,A31-C-S,A28-C-S,C
1974,A32-C-S,A34-C-S,C
1975,A32-C-S,A31-C-S,C
1976,A33-C-S,A34-C-S,C
1977,A33-C-S,A32-C-S,C
1978,A36-C-S,A38-C-S,C
1979,A36-C-S,A34-C-S,C
1980,A40-C-S,A41-C-S,C
1981,A40-C-S,A38-C-S,C
1982,A42-C-S,A41-C-S,C
1983,A42-C-S,A43-C-S,C
1984,A44-C-S,A43-C-S,C
1985,A45-C-S,A44-C-S,C
1986,A46-C-S,A48-C-S,C
1987,A46-C-S,A42-C-S,C
1988,A46-C-S,A47-C-S,C
1989,A46-C-S,A45-C-S,C
1990,A47-C-S,A48-C-S,C
1991,A48-C-S,A49-C-S,C
1992,A48-C-S,A51-C-S,C
1993,A49-C-S,A50-C-S,C
1994,A51-C-S,A55-C-S,C
1995,A51-C-S,A52-C-S,C
1996,A51-C-S,A50-C-S,C
1997,A53-C-S,A52-C-S,C
1998,A54-C-S,A55-C-S,C
1999,A54-C-S,A53-C-S,C
2000,A15-B-S,A14-B-S,B
2001,A15-B-S,A16-B-S,B
2002,A17-B-S,A16-B-S,B
2003,A17-B-S,A18-B-S,B
2004,A19-B-S,A18-B-S,B
2005,A20-B-S,A19-B-S,B
2006,A20-B-S,A21-B-S,B
2007,A21-B-S,A22-B-S,B
2008,A22-B-S,A24-B-S,B
2009,A24-B-S,A15-B-S,B
2010,D04-B-S,D03-B-S,B
2011,D05-B-S,D04-B-S,B
2012,D06-B-S,D05-B-S,B
2013,D07-B-S,D08-B-S,B
2014,D07-B-S,D06-B-S,B
2015,D09-B-S,D10-B-S,B
2016,D09-B-S,D08-B-S,B
2017,D10-B-S,D11-B-S,B
2018,D11-B-S,D12-B-S,B
2019,D12-B-S,D13-B-S,B
2020,D13-B-S,A15-B-S,B
2021,D13-B-S,A14-B-S,B
2022,D14-B-S,D15-B-S,B
2023,D14-B-S,A24-B-S,B
2024,D15-B-S,D16-B-S,B
2025,D16-B-S,D17-B-S,B
2026,D17-B-S,D20-B-S,B
2027,D21-B-S,D20-B-S,B
2028,D21-B-S,D22-B-S,B
2029,D25-B-S,D26-B-S,B
2030,D25-B-S,D24-B-S,B
2031,D27-B-S,D26-B-S,B
2032,D28-B-S,D26-B-S,B
2033,D28-B-S,D27-B-S,B
2034,D29-B-S,D28-B-S,B
2035,D30-B-S,D29-B-S,B
2036,D30-B-S,D31-B-S,B
2037,D31-B-S,D28-B-S,B
2038,D32-B-S,D33-B-S,B
2039,D32-B-S,D31-B-S,B
2040,D34-B-S,D35-B-S,B
2041,D34-B-S,D33-B-S,B
2042,D35-B-S,D31-B-S,B
2043,D37-B-S,D35-B-S,B
2044,D38-B-S,D39-B-S,B
2045,D38-B-S,D37-B-S,B
2046,D39-B-S,D40-B-S,B
2047,D39-B-S,D35-B-S,B
2048,R30-B-S,D24-B-S,B
2049,R30-B-S,D22-B-S,B
2050,A24-D-S,A15-D-S,D
2051,B12-D-S,B13-D-S,D
2052,B14-D-S,B15-D-S,D
2053,B14-D-S,B13-D-S,D
2054,B16-D-S,B15-D-S,D
2055,B16-D-S,B17-D-S,D
2056,B17-D-S,B18-D-S,D
2057,B18-D-S,B19-D-S,D
2058,B20-D-S,B19-D-S,D
2059,B21-D-S,B20-D-S,D
2060,B22-D-S,B21-D-S,D
2061,B23-D-S,B22-D-S,D
2062,B23-D-S,D43-D-S,D
2063,D03-D-S,D01-D-S,D
2064,D04-D-S,D03-D-S,D
2065,D05-D-S,D04-D-S,D
2066,D06-D-S,D05-D-S,D
2067,D07-D-S,D08-D-S,D
2068,D07-D-S,D06-D-S,D
2069,D09-D-S,D10-D-S,D
2070,D09-D-S,D08-D-S,D
2071,D10-D-S,D11-D-S,D
2072,D11-D-S,D12-D-S,D
2073,D12-D-S,D13-D-S,D
2074,D13-D-S,A15-D-S,D
2075,D14-D-S,D15-D-S,D
2076,D14-D-S,A24-D-S,D
2077,D15-D-S,D16-D-S,D
2078,D16-D-S,D17-D-S,D
2079,D17-D-S,D20-D-S,D
2080,D21-D-S,D20-D-S,D
2081,D21-D-S,D22-D-S,D
2082,R31-D-S,D22-D-S,D
2083,R36-D-S,B12-D-S,D
2084,R36-D-S,R31-D-S,D
2085,A25-E-S,A27-E-S,E
2086,A27-E-S,A28-E-S,E
2087,A30-E-S,A28-E-S,E
2088,A31-E-S,A30-E-S,E
2089,A31-E-S,A28-E-S,E
2090,A32-E-S,A34-E-S,E
2091,A32-E-S,A31-E-S,E
2092,A33-E-S,A34-E-S,E
2093,A33-E-S,A32-E-S,E
2094,A34-E-S,E01-E-S,E
2095,D14-E-S,A25-E-S,E
2096,F05-E-S,F06-E-S,E
2097,F06-E-S,G07-E-S,E
2098,F06-E-S,G08-E-S,E
2099,F07-E-S,G08-E-S,E
2100,F07-E-S,F06-E-S,E
2101,F09-E-S,F11-E-S,E
2102,F12-E-S,F11-E-S,E
2103,F12-E-S,D14-E-S,E
2104,G05-E-S,G06-E-S,E
2105,G06-E-S,G07-E-S,E
2106,G14-E-S,G08-E-S,E
2107,G21-E-S,G14-E-S,E
2108,G21-E-S,F09-E-S,E
2109,A41-F-S,F20-F-S,F
2110,A41-F-S,F18-F-S,F
2111,B04-F-S,B06-F-S,F
2112,B06-F-S,B08-F-S,F
2113,B08-F-S,B10-F-S,F
2114,D15-F-S,D16-F-S,F
2115,D15-F-S,B10-F-S,F
2116,D16-F-S,D17-F-S,F
2117,D17-F-S,D20-F-S,F
2118,D17-F-S,D18-F-S,F
2119,D18-F-S,D19-F-S,F
2120,D19-F-S,D20-F-S,F
2121,D21-F-S,D20-F-S,F
2122,D42-F-S,F39-F-S,F
2123,D43-F-S,D42-F-S,F
2124,F01-F-S,F02-F-S,F
2125,F03-F-S,F02-F-S,F
2126,F04-F-S,F03-F-S,F
2127,F05-F-S,F06-F-S,F
2128,F05-F-S,F04-F-S,F
2129,F06-F-S,G08-F-S,F
2130,F07-F-S,G08-F-S,F
2131,F07-F-S,F06-F-S,F
2132,F14-F-S,D21-F-S,F
2133,F15-F-S,F14-F-S,F
2134,F15-F-S,F16-F-S,F
2135,F16-F-S,F18-F-S,F
2136,F21-F-S,F20-F-S,F
2137,F22-F-S,F21-F-S,F
2138,F23-F-S,F22-F-S,F
2139,F23-F-S,F24-F-S,F
2140,F25-F-S,F24-F-S,F
2141,F26-F-S,F25-F-S,F
2142,F27-F-S,F26-F-S,F
2143,F27-F-S,F29-F-S,F
2144,F29-F-S,F30-F-S,F
2145,F30-F-S,F31-F-S,F
2146,F31-F-S,F32-F-S,F
2147,F32-F-S,F33-F-S,F
2148,F33-F-S,F34-F-S,F
2149,F34-F-S,F35-F-S,F
2150,F35-F-S,F36-F-S,F
2151,F36-F-S,F38-F-S,F
2152,F38-F-S,F39-F-S,F
2153,G14-F-S,B04-F-S,F
2154,G14-F-S,G08-F-S,F
2155,A42-G-S,F20-G-S,G
2156,A42-G-S,G36-G-S,G
2157,F21-G-S,F20-G-S,G
2158,F22-G-S,F21-G-S,G
2159,F23-G-S,F22-G-S,G
2160,F23-G-S,F24-G-S,G
2161,F25-G-S,F24-G-S,G
2162,F26-G-S,F25-G-S,G
2163,G24-G-S,G22-G-S,G
2164,G26-G-S,G24-G-S,G
2165,G26-G-S,G28-G-S,G
2166,G28-G-S,G29-G-S,G
2167,G29-G-S,G30-G-S,G
2168,G31-G-S,G32-G-S,G
2169,G31-G-S,G30-G-S,G
2170,G33-G-S,G32-G-S,G
2171,G33-G-S,G34-G-S,G
2172,G35-G-S,G34-G-S,G
2173,G35-G-S,G36-G-S,G
2174,B08-Q-S,R14-Q-S,Q
2175,D25-Q-S,D26-Q-S,Q
2176,D25-Q-S,D24-Q-S,Q
2177,D27-Q-S,D26-Q-S,Q
2178,D28-Q-S,D26-Q-S,Q
2179,D28-Q-S,D27-Q-S,Q
2180,D29-Q-S,D28-Q-S,Q
2181,D30-Q-S,D29-Q-S,Q
2182,D30-Q-S,D31-Q-S,Q
2183,D31-Q-S,D28-Q-S,Q
2184,D32-Q-S,D33-Q-S,Q
2185,D32-Q-S,D31-Q-S,Q
2186,D34-Q-S,D35-Q-S,Q
2187,D34-Q-S,D33-Q-S,Q
2188,D35-Q-S,D31-Q-S,Q
2189,D37-Q-S,D35-Q-S,Q
2190,D38-Q-S,D39-Q-S,Q
2191,D38-Q-S,D37-Q-S,Q
2192,D39-Q-S,D40-Q-S,Q
2193,D39-Q-S,D35-Q-S,Q
2194,D41-Q-S,D40-Q-S,Q
2195,D42-Q-S,D41-Q-S,Q
2196,D43-Q-S,D42-Q-S,Q
2197,Q01-Q-S,R20-Q-S,Q
2198,Q01-Q-S,R30-Q-S,Q
2199,Q03-Q-S,B08-Q-S,Q
2200,Q03-Q-S,Q04-Q-S,Q
2201,Q04-Q-S,Q05-Q-S,Q
2202,R16-Q-S,R17-Q-S,Q
2203,R16-Q-S,R14-Q-S,Q
2204,R17-Q-S,R20-Q-S,Q
2205,R30-Q-S,D24-Q-S,Q
2206,D15-M-S,F12-M-S,M
2207,D15-M-S,D16-M-S,M
2208,D16-M-S,D17-M-S,M
2209,D17-M-S,D20-M-S,M
2210,D17-M-S,D18-M-S,M
2211,D18-M-S,D19-M-S,M
2212,D19-M-S,D20-M-S,M
2213,D21-M-S,M18-M-S,M
2214,D21-M-S,D20-M-S,M
2215,F09-M-S,F11-M-S,M
2216,F12-M-S,F11-M-S,M
2217,G08-M-S,G09-M-S,M
2218,G10-M-S,G09-M-S,M
2219,G11-M-S,G10-M-S,M
2220,G12-M-S,G11-M-S,M
2221,G13-M-S,G12-M-S,M
2222,G14-M-S,G08-M-S,M
2223,G14-M-S,G13-M-S,M
2224,G15-M-S,G14-M-S,M
2225,G16-M-S,G15-M-S,M
2226,G18-M-S,G16-M-S,M
2227,G19-M-S,G18-M-S,M
2228,G20-M-S,G19-M-S,M
2229,G20-M-S,G21-M-S,M
2230,G21-M-S,G14-M-S,M
2231,G21-M-S,F09-M-S,M
2232,M04-M-S,M05-M-S,M
2233,M04-M-S,M01-M-S,M
2234,M06-M-S,M05-M-S,M
2235,M06-M-S,M08-M-S,M
2236,M08-M-S,M09-M-S,M
2237,M09-M-S,M10-M-S,M
2238,M10-M-S,M11-M-S,M
2239,M11-M-S,M12-M-S,M
2240,M13-M-S,M14-M-S,M
2241,M13-M-S,M12-M-S,M
2242,M14-M-S,M16-M-S,M
2243,M16-M-S,M11-M-S,M
2244,M16-M-S,M18-M-S,M
2245,D43-N-S,N10-N-S,N
2246,N02-N-S,R41-N-S,N
2247,N03-N-S,N02-N-S,N
2248,N04-N-S,N03-N-S,N
2249,N05-N-S,N04-N-S,N
2250,N05-N-S,N06-N-S,N
2251,N07-N-S,N06-N-S,N
2252,N08-N-S,N07-N-S,N
2253,N09-N-S,N10-N-S,N
2254,N09-N-S,N08-N-S,N
2255,Q01-N-S,R20-N-S,N
2256,Q01-N-S,R31-N-S,N
2257,R01-N-S,R03-N-S,N
2258,R03-N-S,R04-N-S,N
2259,R05-N-S,R06-N-S,N
2260,R05-N-S,R04-N-S,N
2261,R06-N-S,R08-N-S,N
2262,R09-N-S,R08-N-S,N
2263,R09-N-S,R11-N-S,N
2264,R13-N-S,R11-N-S,N
2265,R14-N-S,R13-N-S,N
2266,R14-N-S,R15-N-S,N
2267,R16-N-S,R17-N-S,N
2268,R16-N-S,R14-N-S,N
2269,R16-N-S,R15-N-S,N
2270,R17-N-S,R20-N-S,N
2271,R36-N-S,R41-N-S,N
2272,R36-N-S,R31-N-S,N
2273,G05-J-S,G06-J-S,J
2274,G06-J-S,J12-J-S,J
2275,J12-J-S,J13-J-S,J
2276,J14-J-S,J15-J-S,J
2277,J14-J-S,J12-J-S,J
2278,J14-J-S,J13-J-S,J
2279,J16-J-S,J15-J-S,J
2280,J16-J-S,J17-J-S,J
2281,J17-J-S,J15-J-S,J
2282,J19-J-S,J17-J-S,J
2283,J20-J-S,J17-J-S,J
2284,J20-J-S,J19-J-S,J
2285,J21-J-S,J20-J-S,J
2286,J22-J-S,J21-J-S,J
2287,J23-J-S,J22-J-S,J
2288,J23-J-S,J21-J-S,J
2289,J24-J-S,J23-J-S,J
2290,J27-J-S,J24-J-S,J
2291,J27-J-S,J28-J-S,J
2292,J27-J-S,J23-J-S,J
2293,J29-J-S,J28-J-S,J
2294,J29-J-S,J30-J-S,J
2295,J30-J-S,J28-J-S,J
2296,J30-J-S,J31-J-S,J
2297,J31-J-S,M11-J-S,J
2298,M11-J-S,J30-J-S,J
2299,M11-J-S,M12-J-S,J
2300,M13-J-S,M14-J-S,J
2301,M13-J-S,M12-J-S,J
2302,M14-J-S,M16-J-S,J
2303,M16-J-S,M11-J-S,J
2304,M16-J-S,M18-J-S,J
2305,M19-J-S,M20-J-S,J
2306,M19-J-S,M18-J-S,J
2307,M20-J-S,M21-J-S,J
2308,M22-J-S,M21-J-S,J
2309,M22-J-S,M23-J-S,J
2310,G05-Z-S,G06-Z-S,Z
2311,G06-Z-S,J12-Z-S,Z
2312,J14-Z-S,J15-Z-S,Z
2313,J14-Z-S,J12-Z-S,Z
2314,J17-Z-S,J15-Z-S,Z
2315,J20-Z-S,J17-Z-S,Z
2316,J21-Z-S,J20-Z-S,Z
2317,J23-Z-S,J21-Z-S,Z
2318,J27-Z-S,J28-Z-S,Z
2319,J27-Z-S,J23-Z-S,Z
2320,J30-Z-S,J28-Z-S,Z
2321,M11-Z-S,J30-Z-S,Z
2322,M16-Z-S,M11-Z-S,Z
2323,M16-Z-S,M18-Z-S,Z
2324,M19-Z-S,M20-Z-S,Z
2325,M19-Z-S,M18-Z-S,Z
2326,M20-Z-S,M21-Z-S,Z
2327,M22-Z-S,M21-Z-S,Z
2328,M22-Z-S,M23-Z-S,Z
2329,G08-R-S,G09-R-S,R
2330,G10-R-S,G09-R-S,R
2331,G11-R-S,G10-R-S,R
2332,G12-R-S,G11-R-S,R
2333,G13-R-S,G12-R-S,R
2334,G14-R-S,G08-R-S,R
2335,G14-R-S,G13-R-S,R
2336,G15-R-S,G14-R-S,R
2337,G16-R-S,G15-R-S,R
2338,G18-R-S,G16-R-S,R
2339,G19-R-S,G18-R-S,R
2340,G20-R-S,G19-R-S,R
2341,G20-R-S,G21-R-S,R
2342,G21-R-S,G14-R-S,R
2343,G21-R-S,R11-R-S,R
2344,R13-R-S,R11-R-S,R
2345,R14-R-S,R13-R-S,R
2346,R14-R-S,R15-R-S,R
2347,R16-R-S,R17-R-S,R
2348,R16-R-S,R14-R-S,R
2349,R16-R-S,R15-R-S,R
2350,R17-R-S,R20-R-S,R
2351,R17-R-S,R18-R-S,R
2352,R18-R-S,R19-R-S,R
2353,R19-R-S,R20-R-S,R
2354,R21-R-S,R20-R-S,R
2355,R22-R-S,R21-R-S,R
2356,R23-R-S,R22-R-S,R
2357,R24-R-S,R23-R-S,R
2358,R25-R-S,R24-R-S,R
2359,R26-R-S,R25-R-S,R
2360,R27-R-S,R26-R-S,R
2361,R27-R-S,R28-R-S,R
2362,R29-R-S,R28-R-S,R
2363,R30-R-S,R31-R-S,R
2364,R30-R-S,R29-R-S,R
2365,R31-R-S,R32-R-S,R
2366,R32-R-S,R33-R-S,R
2367,R34-R-S,R33-R-S,R
2368,R34-R-S,R35-R-S,R
2369,R35-R-S,R36-R-S,R
2370,R36-R-S,R41-R-S,R
2371,R36-R-S,R31-R-S,R
2372,R39-R-S,R40-R-S,R
2373,R39-R-S,R36-R-S,R
2374,R41-R-S,R42-R-S,R
2375,R41-R-S,R40-R-S,R
2376,R43-R-S,R44-R-S,R
2377,R43-R-S,R42-R-S,R
2378,R45-R-S,R44-R-S,R
2379,L02-L-S,L01-L-S,L
2380,L03-L-S,L02-L-S,L
2381,L05-L-S,L03-L-S,L
2382,L06-L-S,L05-L-S,L
2383,L08-L-S,L10-L-S,L
2384,L08-L-S,L06-L-S,L
2385,L10-L-S,L11-L-S,L
2386,L11-L-S,L12-L-S,L
2387,L12-L-S,L13-L-S,L
2388,L14-L-S,L15-L-S,L
2389,L14-L-S,L13-L-S,L
2390,L15-L-S,L16-L-S,L
2391,L16-L-S,L17-L-S,L
2392,L19-L-S,L20-L-S,L
2393,L19-L-S,L17-L-S,L
2394,L21-L-S,L22-L-S,L
2395,L21-L-S,L20-L-S,L
2396,L22-L-S,L24-L-S,L
2397,L25-L-S,L24-L-S,L
2398,L26-L-S,L25-L-S,L
2399,L26-L-S,L27-L-S,L
2400,L28-L-S,L27-L-S,L
2401,L29-L-S,L28-L-S,L
2402,R01-W-S,R03-W-S,W
2403,R03-W-S,R04-W-S,W
2404,R05-W-S,R06-W-S,W
2405,R05-W-S,R04-W-S,W
2406,R06-W-S,R08-W-S,W
2407,R09-W-S,R08-W-S,W
2408,R09-W-S,R11-W-S,W
2409,R13-W-S,R11-W-S,W
2410,R14-W-S,R13-W-S,W
2411,R14-W-S,R15-W-S,W
2412,R16-W-S,R17-W-S,W
2413,R16-W-S,R14-W-S,W
2414,R16-W-S,R15-W-S,W
2415,R17-W-S,R20-W-S,W
2416,R17-W-S,R18-W-S,W
2417,R18-W-S,R19-W-S,W
2418,R19-W-S,R20-W-S,W
2419,R21-W-S,R20-W-S,W
2420,R22-W-S,R21-W-S,W
2421,R23-W-S,R22-W-S,W
2422,R24-W-S,R23-W-S,W
2423,R25-W-S,R24-W-S,W
2424,R26-W-S,R25-W-S,W
2425,R27-W-S,R26-W-S,W
2426,103-1-N,104-1-N,1
2427,103-1-N,101-1-N,1
2428,106-1-N,104-1-N,1
2429,106-1-N,107-1-N,1
2430,108-1-N,109-1-N,1
2431,108-1-N,107-1-N,1
2432,109-1-N,110-1-N,1
2433,111-1-N,112-1-N,1
2434,111-1-N,110-1-N,1
2435,113-1-N,112-1-N,1
2436,114-1-N,113-1-N,1
2437,115-1-N,114-1-N,1
2438,115-1-N,116-1-N,1
2439,117-1-N,118-1-N,1
2440,117-1-N,116-1-N,1
2441,119-1-N,118-1-N,1
2442,120-1-N,121-1-N,1
2443,120-1-N,119-1-N,1
2444,120-1-N,123-1-N,1
2445,121-1-N,122-1-N,1
2446,122-1-N,123-1-N,1
2447,123-1-N,127-1-N,1
2448,123-1-N,124-1-N,1
2449,124-1-N,125-1-N,1
2450,125-1-N,126-1-N,1
2451,126-1-N,127-1-N,1
2452,127-1-N,128-1-N,1
2453,128-1-N,129-1-N,1
2454,130-1-N,129-1-N,1
2455,131-1-N,130-1-N,1
2456,132-1-N,128-1-N,1
2457,132-1-N,131-1-N,1
2458,132-1-N,137-1-N,1
2459,133-1-N,134-1-N,1
2460,133-1-N,132-1-N,1
2461,135-1-N,134-1-N,1
2462,136-1-N,135-1-N,1
2463,137-1-N,138-1-N,1
2464,137-1-N,136-1-N,1
2465,139-1-N,140-1-N,1
2466,139-1-N,138-1-N,1
2467,120-2-N,227-2-N,2
2468,120-2-N,123-2-N,2
2469,123-2-N,127-2-N,2
2470,127-2-N,128-2-N,2
2471,132-2-N,128-2-N,2
2472,132-2-N,137-2-N,2
2473,137-2-N,228-2-N,2
2474,201-2-N,204-2-N,2
2475,205-2-N,204-2-N,2
2476,205-2-N,206-2-N,2
2477,207-2-N,208-2-N,2
2478,207-2-N,206-2-N,2
2479,209-2-N,208-2-N,2
2480,209-2-N,210-2-N,2
2481,210-2-N,211-2-N,2
2482,212-2-N,213-2-N,2
2483,212-2-N,211-2-N,2
2484,214-2-N,213-2-N,2
2485,214-2-N,215-2-N,2
2486,216-2-N,215-2-N,2
2487,216-2-N,217-2-N,2
2488,217-2-N,218-2-N,2
2489,218-2-N,219-2-N,2
2490,219-2-N,220-2-N,2
2491,221-2-N,220-2-N,2
2492,222-2-N,221-2-N,2
2493,224-2-N,222-2-N,2
2494,225-2-N,224-2-N,2
2495,226-2-N,225-2-N,2
2496,227-2-N,226-2-N,2
2497,229-2-N,228-2-N,2
2498,230-2-N,229-2-N,2
2499,230-2-N,231-2-N,2
2500,231-2-N,232-2-N,2
2501,232-2-N,233-2-N,2
2502,234-2-N,239-2-N,2
2503,234-2-N,233-2-N,2
2504,234-2-N,235-2-N,2
2505,235-2-N,236-2-N,2
2506,236-2-N,237-2-N,2
2507,238-2-N,237-2-N,2
2508,238-2-N,239-2-N,2
2509,239-2-N,241-2-N,2
2510,239-2-N,235-2-N,2
2511,241-2-N,242-2-N,2
2512,243-2-N,242-2-N,2
2513,244-2-N,243-2-N,2
2514,245-2-N,246-2-N,2
2515,245-2-N,244-2-N,2
2516,247-2-N,246-2-N,2
2517,120-3-N,227-3-N,3
2518,120-3-N,123-3-N,3
2519,123-3-N,127-3-N,3
2520,127-3-N,128-3-N,3
2521,132-3-N,128-3-N,3
2522,132-3-N,137-3-N,3
2523,137-3-N,228-3-N,3
2524,225-3-N,224-3-N,3
2525,226-3-N,225-3-N,3
2526,227-3-N,226-3-N,3
2527,229-3-N,228-3-N,3
2528,230-3-N,229-3-N,3
2529,230-3-N,231-3-N,3
2530,231-3-N,232-3-N,3
2531,232-3-N,233-3-N,3
2532,234-3-N,239-3-N,3
2533,234-3-N,233-3-N,3
2534,234-3-N,235-3-N,3
2535,235-3-N,236-3-N,3
2536,236-3-N,237-3-N,3
2537,238-3-N,237-3-N,3
2538,238-3-N,239-3-N,3
2539,239-3-N,248-3-N,3
2540,239-3-N,235-3-N,3
2541,239-3-N,250-3-N,3
2542,249-3-N,248-3-N,3
2543,249-3-N,250-3-N,3
2544,250-3-N,251-3-N,3
2545,252-3-N,251-3-N,3
2546,252-3-N,253-3-N,3
2547,253-3-N,254-3-N,3
2548,254-3-N,255-3-N,3
2549,256-3-N,255-3-N,3
2550,256-3-N,257-3-N,3
2551,301-3-N,302-3-N,3
2552,302-3-N,224-3-N,3
2553,205-5-N,204-5-N,5
2554,205-5-N,206-5-N,5
2555,207-5-N,208-5-N,5
2556,207-5-N,206-5-N,5
2557,209-5-N,208-5-N,5
2558,209-5-N,210-5-N,5
2559,210-5-N,211-5-N,5
2560,212-5-N,213-5-N,5
2561,212-5-N,211-5-N,5
2562,214-5-N,213-5-N,5
2563,214-5-N,215-5-N,5
2564,216-5-N,215-5-N,5
2565,216-5-N,217-5-N,5
2566,217-5-N,218-5-N,5
2567,218-5-N,219-5-N,5
2568,219-5-N,220-5-N,5
2569,221-5-N,220-5-N,5
2570,222-5-N,221-5-N,5
2571,234-5-N,239-5-N,5
2572,234-5-N,423-5-N,5
2573,239-5-N,241-5-N,5
2574,241-5-N,242-5-N,5
2575,243-5-N,242-5-N,5
2576,244-5-N,243-5-N,5
2577,245-5-N,246-5-N,5
2578,245-5-N,244-5-N,5
2579,247-5-N,246-5-N,5
2580,416-5-N,222-5-N,5
2581,418-5-N,419-5-N,5
2582,419-5-N,420-5-N,5
2583,420-5-N,423-5-N,5
2584,502-5-N,501-5-N,5
2585,502-5-N,503-5-N,5
2586,504-5-N,503-5-N,5
2587,504-5-N,505-5-N,5
2588,505-5-N,213-5-N,5
2589,621-5-N,626-5-N,5
2590,621-5-N,416-5-N,5
2591,626-5-N,629-5-N,5
2592,629-5-N,631-5-N,5
2593,631-5-N,635-5-N,5
2594,640-5-N,635-5-N,5
2595,640-5-N,418-5-N,5
2596,234-4-N,239-4-N,4
2597,234-4-N,423-4-N,4
2598,239-4-N,250-4-N,4
2599,402-4-N,401-4-N,4
2600,405-4-N,402-4-N,4
2601,406-4-N,405-4-N,4
2602,407-4-N,406-4-N,4
2603,407-4-N,408-4-N,4
2604,409-4-N,410-4-N,4
2605,409-4-N,408-4-N,4
2606,410-4-N,411-4-N,4
2607,411-4-N,412-4-N,4
2608,412-4-N,413-4-N,4
2609,414-4-N,415-4-N,4
2610,414-4-N,413-4-N,4
2611,415-4-N,416-4-N,4
2612,418-4-N,419-4-N,4
2613,419-4-N,420-4-N,4
2614,420-4-N,423-4-N,4
2615,621-4-N,626-4-N,4
2616,621-4-N,416-4-N,4
2617,626-4-N,629-4-N,4
2618,629-4-N,631-4-N,4
2619,631-4-N,635-4-N,4
2620,640-4-N,635-4-N,4
2621,640-4-N,418-4-N,4
2622,601-6-N,602-6-N,6
2623,603-6-N,602-6-N,6
2624,604-6-N,606-6-N,6
2625,604-6-N,603-6-N,6
2626,607-6-N,606-6-N,6
2627,607-6-N,608-6-N,6
2628,609-6-N,608-6-N,6
2629,610-6-N,609-6-N,6
2630,610-6-N,611-6-N,6
2631,612-6-N,611-6-N,6
2632,612-6-N,613-6-N,6
2633,613-6-N,614-6-N,6
2634,614-6-N,615-6-N,6
2635,616-6-N,615-6-N,6
2636,616-6-N,617-6-N,6
2637,618-6-N,617-6-N,6
2638,618-6-N,619-6-N,6
2639,619-6-N,621-6-N,6
2640,621-6-N,626-6-N,6
2641,622-6-N,621-6-N,6
2642,623-6-N,624-6-N,6
2643,623-6-N,622-6-N,6
2644,625-6-N,624-6-N,6
2645,626-6-N,629-6-N,6
2646,626-6-N,625-6-N,6
2647,627-6-N,628-6-N,6
2648,627-6-N,626-6-N,6
2649,629-6-N,628-6-N,6
2650,629-6-N,631-6-N,6
2651,629-6-N,630-6-N,6
2652,630-6-N,631-6-N,6
2653,631-6-N,635-6-N,6
2654,631-6-N,632-6-N,6
2655,632-6-N,633-6-N,6
2656,633-6-N,634-6-N,6
2657,634-6-N,635-6-N,6
2658,635-6-N,636-6-N,6
2659,636-6-N,637-6-N,6
2660,637-6-N,638-6-N,6
2661,638-6-N,639-6-N,6
2662,640-6-N,635-6-N,6
2663,640-6-N,639-6-N,6
2664,701-7-N,702-7-N,7
2665,705-7-N,706-7-N,7
2666,705-7-N,702-7-N,7
2667,706-7-N,707-7-N,7
2668,708-7-N,709-7-N,7
2669,708-7-N,707-7-N,7
2670,710-7-N,709-7-N,7
2671,711-7-N,710-7-N,7
2672,712-7-N,711-7-N,7
2673,713-7-N,712-7-N,7
2674,714-7-N,713-7-N,7
2675,715-7-N,714-7-N,7
2676,716-7-N,715-7-N,7
2677,718-7-N,716-7-N,7
2678,719-7-N,718-7-N,7
2679,719-7-N,720-7-N,7
2680,720-7-N,721-7-N,7
2681,723-7-N,721-7-N,7
2682,724-7-N,725-7-N,7
2683,724-7-N,723-7-N,7
2684,726-7-N,725-7-N,7
2685,902-S-N,901-S-N,S
2686,H12-S-N,H13-S-N,S
2687,H12-S-N,H04-S-N,S
2688,H13-S-N,H14-S-N,S
2689,H14-S-N,H15-S-N,S
2690,S01-S-N,S03-S-N,S
2691,S03-S-N,S04-S-N,S
2692,A02-A-N,A03-A-N,A
2693,A03-A-N,A05-A-N,A
2694,A06-A-N,A07-A-N,A
2695,A06-A-N,A05-A-N,A
2696,A09-A-N,A07-A-N,A
2697,A09-A-N,A12-A-N,A
2698,A15-A-N,A12-A-N,A
2699,A24-A-N,A27-A-N,A
2700,A24-A-N,A15-A-N,A
2701,A27-A-N,A28-A-N,A
2702,A31-A-N,A28-A-N,A
2703,A32-A-N,A34-A-N,A
2704,A32-A-N,A31-A-N,A
2705,A36-A-N,A38-A-N,A
2706,A36-A-N,A34-A-N,A
2707,A40-A-N,A41-A-N,A
2708,A40-A-N,A38-A-N,A
2709,A42-A-N,A41-A-N,A
2710,A46-A-N,A48-A-N,A
2711,A46-A-N,A42-A-N,A
2712,A48-A-N,A51-A-N,A
2713,A51-A-N,A55-A-N,A
2714,A55-A-N,A57-A-N,A
2715,A59-A-N,A60-A-N,A
2716,A59-A-N,A57-A-N,A
2717,A60-A-N,A61-A-N,A
2718,A61-A-N,A63-A-N,A
2719,A64-A-N,A63-A-N,A
2720,A64-A-N,A65-A-N,A
2721,H01-A-N,A61-A-N,A
2722,H02-A-N,H01-A-N,A
2723,H03-A-N,H04-A-N,A
2724,H03-A-N,H02-A-N,A
2725,H06-A-N,H04-A-N,A
2726,H07-A-N,H06-A-N,A
2727,H08-A-N,H07-A-N,A
2728,H09-A-N,H08-A-N,A
2729,H10-A-N,H11-A-N,A
2730,H10-A-N,H09-A-N,A
2731,H12-A-N,H13-A-N,A
2732,H12-A-N,H04-A-N,A
2733,H13-A-N,H14-A-N,A
2734,H14-A-N,H15-A-N,A
2735,A09-C-N,A10-C-N,C
2736,A09-C-N,A12-C-N,C
2737,A11-C-N,A12-C-N,C
2738,A11-C-N,A10-C-N,C
2739,A14-C-N,A12-C-N,C
2740,A15-C-N,A14-C-N,C
2741,A15-C-N,A16-C-N,C
2742,A15-C-N,A12-C-N,C
2743,A17-C-N,A16-C-N,C
2744,A17-C-N,A18-C-N,C
2745,A19-C-N,A18-C-N,C
2746,A20-C-N,A19-C-N,C
2747,A20-C-N,A21-C-N,C
2748,A21-C-N,A22-C-N,C
2749,A22-C-N,A24-C-N,C
2750,A24-C-N,A27-C-N,C
2751,A24-C-N,A25-C-N,C
2752,A24-C-N,A15-C-N,C
2753,A25-C-N,A27-C-N,C
2754,A27-C-N,A28-C-N,C
2755,A30-C-N,A28-C-N,C
2756,A31-C-N,A30-C-N,C
2757,A31-C-N,A28-C-N,C
2758,A32-C-N,A34-C-N,C
2759,A32-C-N,A31-C-N,C
2760,A33-C-N,A34-C-N,C
2761,A33-C-N,A32-C-N,C
2762,A36-C-N,A38-C-N,C
2763,A36-C-N,A34-C-N,C
2764,A40-C-N,A41-C-N,C
2765,A40-C-N,A38-C-N,C
2766,A42-C-N,A41-C-N,C
2767,A42-C-N,A43-C-N,C
2768,A44-C-N,A43-C-N,C
2769,A45-C-N,A44-C-N,C
2770,A46-C-N,A48-C-N,C
2771,A46-C-N,A42-C-N,C
2772,A46-C-N,A47-C-N,C
2773,A46-C-N,A45-C-N,C
2774,A47-C-N,A48-C-N,C
2775,A48-C-N,A49-C-N,C
2776,A48-C-N,A51-C-N,C
2777,A49-C-N,A50-C-N,C
2778,A51-C-N,A55-C-N,C
2779,A51-C-N,A52-C-N,C
2780,A51-C-N,A50-C-N,C
2781,A53-C-N,A52-C-N,C
2782,A54-C-N,A55-C-N,C
2783,A54-C-N,A53-C-N,C
2784,A15-B-N,A14-B-N,B
2785,A15-B-N,A16-B-N,B
2786,A17-B-N,A16-B-N,B
2787,A17-B-N,A18-B-N,B
2788,A19-B-N,A18-B-N,B
2789,A20-B-N,A19-B-N,B
2790,A20-B-N,A21-B-N,B
2791,A21-B-N,A22-B-N,B
2792,A22-B-N,A24-B-N,B
2793,A24-B-N,A15-B-N,B
2794,D04-B-N,D03-B-N,B
2795,D05-B-N,D04-B-N,B
2796,D06-B-N,D05-B-N,B
2797,D07-B-N,D08-B-N,B
2798,D07-B-N,D06-B-N,B
2799,D09-B-N,D10-B-N,B
2800,D09-B-N,D08-B-N,B
2801,D10-B-N,D11-B-N,B
2802,D11-B-N,D12-B-N,B
2803,D12-B-N,D13-B-N,B
2804,D13-B-N,A15-B-N,B
2805,D13-B-N,A14-B-N,B
2806,D14-B-N,D15-B-N,B
2807,D14-B-N,A24-B-N,B
2808,D15-B-N,D16-B-N,B
2809,D16-B-N,D17-B-N,B
2810,D17-B-N,D20-B-N,B
2811,D21-B-N,D20-B-N,B
2812,D21-B-N,D22-B-N,B
2813,D25-B-N,D26-B-N,B
2814,D25-B-N,D24-B-N,B
2815,D27-B-N,D26-B-N,B
2816,D28-B-N,D26-B-N,B
2817,D28-B-N,D27-B-N,B
2818,D29-B-N,D28-B-N,B
2819,D30-B-N,D29-B-N,B
2820,D30-B-N,D31-B-N,B
2821,D31-B-N,D28-B-N,B
2822,D32-B-N,D33-B-N,B
2823,D32-B-N,D31-B-N,B
2824,D34-B-N,D35-B-N,B
2825,D34-B-N,D33-B-N,B
2826,D35-B-N,D31-B-N,B
2827,D37-B-N,D35-B-N,B
2828,D38-B-N,D39-B-N,B
2829,D38-B-N,D37-B-N,B
2830,D39-B-N,D40-B-N,B
2831,D39-B-N,D35-B-N,B
2832,R30-B-N,D24-B-N,B
2833,R30-B-N,D22-B-N,B
2834,A24-D-N,A15-D-N,D
2835,B12-D-N,B13-D-N,D
2836,B14-D-N,B15-D-N,D
2837,B14-D-N,B13-D-N,D
2838,B16-D-N,B15-D-N,D
2839,B16-D-N,B17-D-N,D
2840,B17-D-N,B18-D-N,D
2841,B18-D-N,B19-D-N,D
2842,B20-D-N,B19-D-N,D
2843,B21-D-N,B20-D-N,D
2844,B22-D-N,B21-D-N,D
2845,B23-D-N,B22-D-N,D
2846,B23-D-N,D43-D-N,D
2847,D03-D-N,D01-D-N,D
2848,D04-D-N,D03-D-N,D
2849,D05-D-N,D04-D-N,D
2850,D06-D-N,D05-D-N,D
2851,D07-D-N,D08-D-N,D
2852,D07-D-N,D06-D-N,D
2853,D09-D-N,D10-D-N,D
2854,D09-D-N,D08-D-N,D
2855,D10-D-N,D11-D-N,D
2856,D11-D-N,D12-D-N,D
2857,D12-D-N,D13-D-N,D
2858,D13-D-N,A15-D-N,D
2859,D14-D-N,D15-D-N,D
2860,D14-D-N,A24-D-N,D
2861,D15-D-N,D16-D-N,D
2862,D16-D-N,D17-D-N,D
2863,D17-D-N,D20-D-N,D
2864,D21-D-N,D20-D-N,D
2865,D21-D-N,D22-D-N,D
2866,R31-D-N,D22-D-N,D
2867,R36-D-N,B12-D-N,D
2868,R36-D-N,R31-D-N,D
2869,A25-E-N,A27-E-N,E
2870,A27-E-N,A28-E-N,E
2871,A30-E-N,A28-E-N,E
2872,A31-E-N,A30-E-N,E
2873,A31-E-N,A28-E-N,E
2874,A32-E-N,A34-E-N,E
2875,A32-E-N,A31-E-N,E
2876,A33-E-N,A34-E-N,E
2877,A33-E-N,A32-E-N,E
2878,A34-E-N,E01-E-N,E
2879,D14-E-N,A25-E-N,E
2880,F05-E-N,F06-E-N,E
2881,F06-E-N,G07-E-N,E
2882,F06-E-N,G08-E-N,E
2883,F07-E-N,G08-E-N,E
2884,F07-E-N,F06-E-N,E
2885,F09-E-N,F11-E-N,E
2886,F12-E-N,F11-E-N,E
2887,F12-E-N,D14-E-N,E
2888,G05-E-N,G06-E-N,E
2889,G06-E-N,G07-E-N,E
2890,G14-E-N,G08-E-N,E
2891,G21-E-N,G14-E-N,E
2892,G21-E-N,F09-E-N,E
2893,A41-F-N,F20-F-N,F
2894,A41-F-N,F18-F-N,F
2895,B04-F-N,B06-F-N,F
2896,B06-F-N,B08-F-N,F
2897,B08-F-N,B10-F-N,F
2898,D15-F-N,D16-F-N,F
2899,D15-F-N,B10-F-N,F
2900,D16-F-N,D17-F-N,F
2901,D17-F-N,D20-F-N,F
2902,D17-F-N,D18-F-N,F
2903,D18-F-N,D19-F-N,F
2904,D19-F-N,D20-F-N,F
2905,D21-F-N,D20-F-N,F
2906,D42-F-N,F39-F-N,F
2907,D43-F-N,D42-F-N,F
2908,F01-F-N,F02-F-N,F
2909,F03-F-N,F02-F-N,F
2910,F04-F-N,F03-F-N,F
2911,F05-F-N,F06-F-N,F
2912,F05-F-N,F04-F-N,F
2913,F06-F-N,G08-F-N,F
2914,F07-F-N,G08-F-N,F
2915,F07-F-N,F06-F-N,F
2916,F14-F-N,D21-F-N,F
2917,F15-F-N,F14-F-N,F
2918,F15-F-N,F16-F-N,F
2919,F16-F-N,F18-F-N,F
2920,F21-F-N,F20-F-N,F
2921,F22-F-N,F21-F-N,F
2922,F23-F-N,F22-F-N,F
2923,F23-F-N,F24-F-N,F
2924,F25-F-N,F24-F-N,F
2925,F26-F-N,F25-F-N,F
2926,F27-F-N,F26-F-N,F
2927,F27-F-N,F29-F-N,F
2928,F29-F-N,F30-F-N,F
2929,F30-F-N,F31-F-N,F
2930,F31-F-N,F32-F-N,F
2931,F32-F-N,F33-F-N,F
2932,F33-F-N,F34-F-N,F
2933,F34-F-N,F35-F-N,F
2934,F35-F-N,F36-F-N,F
2935,F36-F-N,F38-F-N,F
2936,F38-F-N,F39-F-N,F
2937,G14-F-N,B04-F-N,F
2938,G14-F-N,G08-F-N,F
2939,A42-G-N,F20-G-N,G
2940,A42-G-N,G36-G-N,G
2941,F21-G-N,F20-G-N,G
2942,F22-G-N,F21-G-N,G
2943,F23-G-N,F22-G-N,G
2944,F23-G-N,F24-G-N,G
2945,F25-G-N,F24-G-N,G
2946,F26-G-N,F25-G-N,G
2947,G24-G-N,G22-G-N,G
2948,G26-G-N,G24-G-N,G
2949,G26-G-N,G28-G-N,G
2950,G28-G-N,G29-G-N,G
2951,G29-G-N,G30-G-N,G
2952,G31-G-N,G32-G-N,G
2953,G31-G-N,G30-G-N,G
2954,G33-G-N,G32-G-N,G
2955,G33-G-N,G34-G-N,G
2956,G35-G-N,G34-G-N,G
2957,G35-G-N,G36-G-N,G
2958,B08-Q-N,R14-Q-N,Q
2959,D25-Q-N,D26-Q-N,Q
2960,D25-Q-N,D24-Q-N,Q
2961,D27-Q-N,D26-Q-N,Q
2962,D28-Q-N,D26-Q-N,Q
2963,D28-Q-N,D27-Q-N,Q
2964,D29-Q-N,D28-Q-N,Q
2965,D30-Q-N,D29-Q-N,Q
2966,D30-Q-N,D31-Q-N,Q
2967,D31-Q-N,D28-Q-N,Q
2968,D32-Q-N,D33-Q-N,Q
2969,D32-Q-N,D31-Q-N,Q
2970,D34-Q-N,D35-Q-N,Q
2971,D34-Q-N,D33-Q-N,Q
2972,D35-Q-N,D31-Q-N,Q
2973,D37-Q-N,D35-Q-N,Q
2974,D38-Q-N,D39-Q-N,Q
2975,D38-Q-N,D37-Q-N,Q
2976,D39-Q-N,D40-Q-N,Q
2977,D39-Q-N,D35-Q-N,Q
2978,D41-Q-N,D40-Q-N,Q
2979,D42-Q-N,D41-Q-N,Q
2980,D43-Q-N,D42-Q-N,Q
2981,Q01-Q-N,R20-Q-N,Q
2982,Q01-Q-N,R30-Q-N,Q
2983,Q03-Q-N,B08-Q-N,Q
2984,Q03-Q-N,Q04-Q-N,Q
2985,Q04-Q-N,Q05-Q-N,Q
2986,R16-Q-N,R17-Q-N,Q
2987,R16-Q-N,R14-Q-N,Q
2988,R17-Q-N,R20-Q-N,Q
2989,R30-Q-N,D24-Q-N,Q
2990,D15-M-N,F12-M-N,M
2991,D15-M-N,D16-M-N,M
2992,D16-M-N,D17-M-N,M
2993,D17-M-N,D20-M-N,M
2994,D17-M-N,D18-M-N,M
2995,D18-M-N,D19-M-N,M
2996,D19-M-N,D20-M-N,M
2997,D21-M-N,M18-M-N,M
2998,D21-M-N,D20-M-N,M
2999,F09-M-N,F11-M-N,M
3000,F12-M-N,F11-M-N,M
3001,G08-M-N,G09-M-N,M
3002,G10-M-N,G09-M-N,M
3003,G11-M-N,G10-M-N,M
3004,G12-M-N,G11-M-N,M
3005,G13-M-N,G12-M-N,M
3006,G14-M-N,G08-M-N,M
3007,G14-M-N,G13-M-N,M
3008,G15-M-N,G14-M-N,M
3009,G16-M-N,G15-M-N,M
3010,G18-M-N,G16-M-N,M
3011,G19-M-N,G18-M-N,M
3012,G20-M-N,G19-M-N,M
3013,G20-M-N,G21-M-N,M
3014,G21-M-N,G14-M-N,M
3015,G21-M-N,F09-M-N,M
3016,M04-M-N,M05-M-N,M
3017,M04-M-N,M01-M-N,M
3018,M06-M-N,M05-M-N,M
3019,M06-M-N,M08-M-N,M
3020,M08-M-N,M09-M-N,M
3021,M09-M-N,M10-M-N,M
3022,M10-M-N,M11-M-N,M
3023,M11-M-N,M12-M-N,M
3024,M13-M-N,M14-M-N,M
3025,M13-M-N,M12-M-N,M
3026,M14-M-N,M16-M-N,M
3027,M16-M-N,M11-M-N,M
3028,M16-M-N,M18-M-N,M
3029,D43-N-N,N10-N-N,N
3030,N02-N-N,R41-N-N,N
3031,N03-N-N,N02-N-N,N
3032,N04-N-N,N03-N-N,N
3033,N05-N-N,N04-N-N,N
3034,N05-N-N,N06-N-N,N
3035,N07-N-N,N06-N-N,N
3036,N08-N-N,N07-N-N,N
3037,N09-N-N,N10-N-N,N
3038,N09-N-N,N08-N-N,N
3039,Q01-N-N,R20-N-N,N
3040,Q01-N-N,R31-N-N,N
3041,R01-N-N,R03-N-N,N
3042,R03-N-N,R04-N-N,N
3043,R05-N-N,R06-N-N,N
3044,R05-N-N,R04-N-N,N
3045,R06-N-N,R08-N-N,N
3046,R09-N-N,R08-N-N,N
3047,R09-N-N,R11-N-N,N
3048,R13-N-N,R11-N-N,N
3049,R14-N-N,R13-N-N,N
3050,R14-N-N,R15-N-N,N
3051,R16-N-N,R17-N-N,N
3052,R16-N-N,R14-N-N,N
3053,R16-N-N,R15-N-N,N
3054,R17-N-N,R20-N-N,N
3055,R36-N-N,R41-N-N,N
3056,R36-N-N,R31-N-N,N
3057,G05-J-N,G06-J-N,J
3058,G06-J-N,J12-J-N,J
3059,J12-J-N,J13-J-N,J
3060,J14-J-N,J15-J-N,J
3061,J14-J-N,J12-J-N,J
3062,J14-J-N,J13-J-N,J
3063,J16-J-N,J15-J-N,J
3064,J16-J-N,J17-J-N,J
3065,J17-J-N,J15-J-N,J
3066,J19-J-N,J17-J-N,J
3067,J20-J-N,J17-J-N,J
3068,J20-J-N,J19-J-N,J
3069,J21-J-N,J20-J-N,J
3070,J22-J-N,J21-J-N,J
3071,J23-J-N,J22-J-N,J
3072,J23-J-N,J21-J-N,J
3073,J24-J-N,J23-J-N,J
3074,J27-J-N,J24-J-N,J
3075,J27-J-N,J28-J-N,J
3076,J27-J-N,J23-J-N,J
3077,J29-J-N,J28-J-N,J
3078,J29-J-N,J30-J-N,J
3079,J30-J-N,J28-J-N,J
3080,J30-J-N,J31-J-N,J
3081,J31-J-N,M11-J-N,J
3082,M11-J-N,J30-J-N,J
3083,M11-J-N,M12-J-N,J
3084,M13-J-N,M14-J-N,J
3085,M13-J-N,M12-J-N,J
3086,M14-J-N,M16-J-N,J
3087,M16-J-N,M11-J-N,J
3088,M16-J-N,M18-J-N,J
3089,M19-J-N,M20-J-N,J
3090,M19-J-N,M18-J-N,J
3091,M20-J-N,M21-J-N,J
3092,M22-J-N,M21-J-N,J
3093,M22-J-N,M23-J-N,J
3094,G05-Z-N,G06-Z-N,Z
3095,G06-Z-N,J12-Z-N,Z
3096,J14-Z-N,J15-Z-N,Z
3097,J14-Z-N,J12-Z-N,Z
3098,J17-Z-N,J15-Z-N,Z
3099,J20-Z-N,J17-Z-N,Z
3100,J21-Z-N,J20-Z-N,Z
3101,J23-Z-N,J21-Z-N,Z
3102,J27-Z-N,J28-Z-N,Z
3103,J27-Z-N,J23-Z-N,Z
3104,J30-Z-N,J28-Z-N,Z
3105,M11-Z-N,J30-Z-N,Z
3106,M16-Z-N,M11-Z-N,Z
3107,M16-Z-N,M18-Z-N,Z
3108,M19-Z-N,M20-Z-N,Z
3109,M19-Z-N,M18-Z-N,Z
3110,M20-Z-N,M21-Z-N,Z
3111,M22-Z-N,M21-Z-N,Z
3112,M22-Z-N,M23-Z-N,Z
3113,G08-R-N,G09-R-N,R
3114,G10-R-N,G09-R-N,R
3115,G11-R-N,G10-R-N,R
3116,G12-R-N,G11-R-N,R
3117,G13-R-N,G12-R-N,R
3118,G14-R-N,G08-R-N,R
3119,G14-R-N,G13-R-N,R
3120,G15-R-N,G14-R-N,R
3121,G16-R-N,G15-R-N,R
3122,G18-R-N,G16-R-N,R
3123,G19-R-N,G18-R-N,R
3124,G20-R-N,G19-R-N,R
3125,G20-R-N,G21-R-N,R
3126,G21-R-N,G14-R-N,R
3127,G21-R-N,R11-R-N,R
3128,R13-R-N,R11-R-N,R
3129,R14-R-N,R13-R-N,R
3130,R14-R-N,R15-R-N,R
3131,R16-R-N,R17-R-N,R
3132,R16-R-N,R14-R-N,R
3133,R16-R-N,R15-R-N,R
3134,R17-R-N,R20-R-N,R
3135,R17-R-N,R18-R-N,R
3136,R18-R-N,R19-R-N,R
3137,R19-R-N,R20-R-N,R
3138,R21-R-N,R20-R-N,R
3139,R22-R-N,R21-R-N,R
3140,R23-R-N,R22-R-N,R
3141,R24-R-N,R23-R-N,R
3142,R25-R-N,R24-R-N,R
3143,R26-R-N,R25-R-N,R
3144,R27-R-N,R26-R-N,R
3145,R27-R-N,R28-R-N,R
3146,R29-R-N,R28-R-N,R
3147,R30-R-N,R31-R-N,R
3148,R30-R-N,R29-R-N,R
3149,R31-R-N,R32-R-N,R
3150,R32-R-N,R33-R-N,R
3151,R34-R-N,R33-R-N,R
3152,R34-R-N,R35-R-N,R
3153,R35-R-N,R36-R-N,R
3154,R36-R-N,R41-R-N,R
3155,R36-R-N,R31-R-N,R
3156,R39-R-N,R40-R-N,R
3157,R39-R-N,R36-R-N,R
3158,R41-R-N,R42-R-N,R
3159,R41-R-N,R40-R-N,R
3160,R43-R-N,R44-R-N,R
3161,R43-R-N,R42-R-N,R
3162,R45-R-N,R44-R-N,R
3163,L02-L-N,L01-L-N,L
3164,L03-L-N,L02-L-N,L
3165,L05-L-N,L03-L-N,L
3166,L06-L-N,L05-L-N,L
3167,L08-L-N,L10-L-N,L
3168,L08-L-N,L06-L-N,L
3169,L10-L-N,L11-L-N,L
3170,L11-L-N,L12-L-N,L
3171,L12-L-N,L13-L-N,L
3172,L14-L-N,L15-L-N,L
3173,L14-L-N,L13-L-N,L
3174,L15-L-N,L16-L-N,L
3175,L16-L-N,L17-L-N,L
3176,L19-L-N,L20-L-N,L
3177,L19-L-N,L17-L-N,L
3178,L21-L-N,L22-L-N,L
3179,L21-L-N,L20-L-N,L
3180,L22-L-N,L24-L-N,L
3181,L25-L-N,L24-L-N,L
3182,L26-L-N,L25-L-N,L
3183,L26-L-N,L27-L-N,L
3184,L28-L-N,L27-L-N,L
3185,L29-L-N,L28-L-N,L
3186,R01-W-N,R03-W-N,W
3187,R03-W-N,R04-W-N,W
3188,R05-W-N,R06-W-N,W
3189,R05-W-N,R04-W-N,W
3190,R06-W-N,R08-W-N,W
3191,R09-W-N,R08-W-N,W
3192,R09-W-N,R11-W-N,W
3193,R13-W-N,R11-W-N,W
3194,R14-W-N,R13-W-N,W
3195,R14-W-N,R15-W-N,W
3196,R16-W-N,R17-W-N,W
3197,R16-W-N,R14-W-N,W
3198,R16-W-N,R15-W-N,W
3199,R17-W-N,R20-W-N,W
3200,R17-W-N,R18-W-N,W
3201,R18-W-N,R19-W-N,W
3202,R19-W-N,R20-W-N,W
3203,R21-W-N,R20-W-N,W
3204,R22-W-N,R21-W-N,W
3205,R23-W-N,R22-W-N,W
3206,R24-W-N,R23-W-N,W
3207,R25-W-N,R24-W-N,W
3208,R26-W-N,R25-W-N,W
3209,R27-W-N,R26-W-N,W
